Mod Name,Iframe Link,Image URL
Friday Night Funkin’,https://fnf.kdata1.com/2025/fnf/7500/,https://kbhgames.com/wp-content/uploads/2020/11/Friday-Night-Funkin.png
FNF Gumballs,https://fnf.kdata1.com/2025/gumball/1/,https://kbhgames.com/wp-content/uploads/2025/10/FNF-Gumballs.jpg
Friday Night Funkin VS. KAPI v2,https://fnf.kdata1.com/kapi-arcade-showdown/2/,https://kbhgames.com/wp-content/uploads/2021/04/Friday-Night-Funkin-VS.-KAPI.jpg
FNF vs Indie Cross,https://kdata1.com/5000/2025/indiecross3/,https://kbhgames.com/wp-content/uploads/2025/01/FNF-vs-Indie-Cross-1.jpg
FNF Vs. Tricky Version 2.0 (Phase 3),https://fnf.run3.io/tricky2/4/,https://kbhgames.com/wp-content/uploads/2021/06/fnf-vs-tricky-version-2-0.jpg
FNF Kick Kick Funk Vs. Dan The Man,https://fnf.kdata1.com/2025/kick/2/,https://kbhgames.com/wp-content/uploads/2025/10/FNF-Kick-Kick-Funk-Vs.-Dan-The-Man-1.jpg
Friday Night Funkin’ Sarvente’s Mid-Fight Masses,https://fnf.run3.io/midfight/2/,https://kbhgames.com/wp-content/uploads/2021/04/friday-night-funkin-sarventes-mid-fight-masses-1.png
Friday Night Funkin’ V.S. Whitty Full Week,https://fnf.run3.io/whitty/5/,https://kbhgames.com/wp-content/uploads/2021/03/friday-night-funkin-v-s-whitty-full-week.png
Friday Night Funkin VS Garcello,https://fnf.run3.io/garcello/5/?32s,https://kbhgames.com/wp-content/uploads/2021/05/Friday-Night-Funkin-VS-Garcello.jpg
FNF vs Impostor Among Us V4,https://fnf.kdata1.com/impostor-v4/1.5/,https://kbhgames.com/wp-content/uploads/2023/01/FNF-vs-Impostor-Among-Us-V4-2.jpg
FNF Silly Billy vs Yourself,https://fnf.kdata1.com/2024/silly-billy-vs-yourself/1/,https://kbhgames.com/wp-content/uploads/2024/05/FNF-Silly-Billy-vs-Yourself.png
FNF: The Blueballs Incident (Trollge),https://fnf.run3.io/blueballs-incident-trollge/1.18/,https://kbhgames.com/wp-content/uploads/2021/06/fnf-the-blueballs-incident-trollge.jpg
Friday Night Funkin VS Sky Full Week,https://fnf.run3.io/sky/1.1/,https://kbhgames.com/wp-content/uploads/2021/04/Friday-Night-Funkin-VS-Sky-Full-Week.jpg
FNF Character Test Playground,https://fnf.run3.io/playground/1/,https://kbhgames.com/wp-content/uploads/2021/06/FNF-Character-Test-Playground.jpg
FNF Sweet Licorice,https://fnf.kdata1.com/2025/sweet-licorice/1/,https://kbhgames.com/wp-content/uploads/2025/10/FNF-Sweet-Licorice.jpg
Friday Night Funkin’ Pibby: Apocalypse,https://fnf.kdata1.com/pibby-apocalypse/1/,https://kbhgames.com/wp-content/uploads/2023/08/friday-night-funkin-pibby-apocalypse.jpg
FNF vs Bambi: Strident Crisis,https://fnf.kdata1.com/bambi-student-crisis/1.2/,https://kbhgames.com/wp-content/uploads/2022/03/fnf-vs-bambi-strident-crisis.jpg
FNF Vs Mario’s Madness V2,https://fnf.kdata1.com/2024/marios-madness-v2/2/,https://kbhgames.com/wp-content/uploads/2024/02/fnf-vs-marios-madness-v2.jpg
FNF vs QT Mod 2.0,https://fnf.kdata1.com/qt-mod/1.2/,https://kbhgames.com/wp-content/uploads/2021/07/friday-night-funkin-vs-qt-mod.png
Friday Night Funkin vs Shaggy v2,https://fnf.run3.io/shaggy/6.5/,https://kbhgames.com/wp-content/uploads/2021/05/friday-night-funkin-vs-shaggy.jpg
Friday Night Funkin vs AGOTI,https://fnf.run3.io/agoti/100/,https://kbhgames.com/wp-content/uploads/2021/05/Friday-Night-Funkin-vs-AGOTI.jpg
FNF Shucks V2 (Reconstruction),https://fnf.kdata1.com/2024/shucks-v2-reconstruction/1/,https://kbhgames.com/wp-content/uploads/2024/06/FNF-Shucks-V2-Reconstruction.jpg
FNF vs TABI Ex Boyfriend,https://fnf.run3.io/tabi/5/,https://kbhgames.com/wp-content/uploads/2021/05/FNF-vs-TABI-Ex-Boyfriend.jpg
FNF RUSH E but BOYFRIEND plays it on Piano,https://fnf.kdata1.com/rush-e-piano/1/,https://kbhgames.com/wp-content/uploads/2022/12/FNF-RUSH-E-but-BOYFRIEND-plays-it-on-Piano.jpg
FNF: Zardy Foolhardy Mod Pack,https://fnf.run3.io/zardy-foolhardy-pack/1/?ds,https://kbhgames.com/wp-content/uploads/2021/06/fnf-zardy-foolhardy-mod-pack.jpg
FNF vs Huggy Wuggy (Poppy Playtime),https://fnf.kdata1.com/huggy-wuggy/2.1/,https://kbhgames.com/wp-content/uploads/2021/10/friday-night-funkin-vs-huggy-wuggy-poppy-playtime.jpg
Friday Night Funkin’ + Hatsune Miku,https://fnf.run3.io/miku/1/,https://kbhgames.com/wp-content/uploads/2021/04/friday-night-funkin-hatsune-miku.jpg
FNF vs Impostor Among Us V3,https://fnf.run3.io/impostor/5.1/,https://kbhgames.com/wp-content/uploads/2021/04/friday-night-funkin-vs-impostor-full-week.jpg
Friday Night Funkin vs Accelerant Hank,https://fnf.run3.io/hank-accelerant/3/,https://kbhgames.com/wp-content/uploads/2021/10/friday-night-funkin-vs-accelerant-hank-1.jpg
FNF Rivals – Nene vs Cassandra,https://fnf.kdata1.com/2024/rivals/1/,https://kbhgames.com/wp-content/uploads/2024/05/FNF-Rivals.png
FNF QT: Rewired,https://fnf.kdata1.com/2025/qt-rewired/1/,https://kbhgames.com/wp-content/uploads/2025/02/fnf-qt-rewired.jpg
FNF Indie Cross – Crossed Out,https://fnf.kdata1.com/crossed-out/2.2/,https://kbhgames.com/wp-content/uploads/2022/08/FNF-Indie-Cross-Crossed-Out.jpg
FNF 2Hot – BF Mix,https://fnf.kdata1.com/2025/2hot-bf-mix/1.3/,https://kbhgames.com/wp-content/uploads/2025/01/fnf-2hot-bf-mix-1.jpg
Friday Night Funkin’ Vs Suicide Mouse v2,https://fnf.kdata1.com/suicide-mouse/2.5/,https://kbhgames.com/wp-content/uploads/2021/10/friday-night-funkin-vs-suicide-mouse-1.jpg
FNF: Darkness Takeover vs Pibby Family Guy,https://fnf.kdata1.com/darkness-takeover-vs-pibby-family-guy/1/,https://kbhgames.com/wp-content/uploads/2022/08/fnf-darkness-takeover-vs-pibby-family-guy.jpg
Friday Night Funkin’ VS Shaggy 2.5,https://fnf.run3.io/shaggy-pe/1.25/,https://kbhgames.com/wp-content/uploads/2021/10/friday-night-funkin-vs-shaggy-2-5.jpg
FNF Corruption Takeover,https://fnf.kdata1.com/corruption-takeover/1/,https://kbhgames.com/wp-content/uploads/2021/11/friday-night-funkin-corruption-takeover.jpg
FNF Vs Rewrite (Sonic.exe),https://fnf.kdata1.com/rewrite-sonic-exe/1.2/,https://kbhgames.com/wp-content/uploads/2023/01/fnf-vs-rewrite-sonic-exe.png
Friday Night Funkin’ Vs Tricky the Clown Mod,https://fnf.run3.io/tricky/1/,https://kbhgames.com/wp-content/uploads/2021/04/friday-night-funkin-the-tricky-mod.png
Friday Night Funkin’: Vs. Sonic.Exe,https://fnf.run3.io/sonicexe/1.5/?d,https://kbhgames.com/wp-content/uploads/2021/08/friday-night-funkin-vs-sonic-exe.png
FNF Baddies vs Stalker/Cassette Girl/Jazz,https://fnf.kdata1.com/baddies/1.12/,https://kbhgames.com/wp-content/uploads/2022/05/fnf-baddies-vs-stalker-cassette-girl-jazz.jpg
FNF QT Mod – Termination on Extreme difficulty!,https://fnf.run3.io/qt-mod-termination-on-extreme-difficulty/1/,https://kbhgames.com/wp-content/uploads/2021/10/fnf-qt-mod-termination-on-extreme-difficulty-1.jpg
FNF vs Dave and Bambi v3,https://fnf.kdata1.com/dave-bambi/32/,https://kbhgames.com/wp-content/uploads/2021/11/FNF-vs-Dave-and-Bambi-v3.jpg
Friday Night Funkin’ Pibby Corrupted,https://fnf.kdata1.com/2024/pibby-corrupted/1.5/,https://kbhgames.com/wp-content/uploads/2021/12/friday-night-funkin-pibby-corrupted.jpg
FUNKADELIX – FNF with Lyrics,https://fnf.kdata1.com/2024/funkadelix-fnf-with-lyrics/60/,https://kbhgames.com/wp-content/uploads/2024/06/funkadelix-fnf-with-lyrics.jpg
FNF Vs. Matt Boxing Fight,https://fnf.run3.io/matt-boxing-fight/1.11/?5,https://kbhgames.com/wp-content/uploads/2021/07/FNF-Vs.-Matt-Boxing-Fight-2.jpg
FNF: Spooky Mix,https://fnf.kdata1.com/2024/spooky-mix/123/,https://kbhgames.com/wp-content/uploads/2024/11/fnf-spooky-mix.jpg
FNF 2Hot BF-Mix with Lyrics,https://fnf.kdata1.com/2025/2hot-bf-mix-with-lyrics/2.1/,https://kbhgames.com/wp-content/uploads/2025/05/FNF-2Hot-BF-Mix-with-Lyrics-1.jpg
FNF Vs. Hypno’s Lullaby v2,https://fnf.kdata1.com/2025/lullaby22/,https://kbhgames.com/wp-content/uploads/2025/03/fnf-vs-hypnos-lullaby-v2.jpg
FNF vs TABI Revival,https://fnf.kdata1.com/2025/tabi-revival/1/,https://kbhgames.com/wp-content/uploads/2025/03/FNF-vs-TABI-Revival.jpg
FNF 2Hot with Lyrics Freestyled,https://fnf.kdata1.com/2024/2hot-with-lyrics-freestyled/,https://kbhgames.com/wp-content/uploads/2024/06/fnf-2hot-with-lyrics-freestyled.jpg
FNF vs Nonsense v2: A Nonsensical Friday Night,https://fnf.kdata1.com/nonsense/2.11/,https://kbhgames.com/wp-content/uploads/2021/07/FNF-vs-Nonsense.jpg
Friday Night Funkin’ vs Bob and Bosip (The Expansion Update),https://fnf.run3.io/bob-and-bosip/5/?343,https://kbhgames.com/wp-content/uploads/2021/06/Friday-Night-Funkin%E2%80%99-vs-Bob-and-Bosip.jpg
FNF Character Test Playground 2,https://fnf.run3.io/playground-2/1/,https://kbhgames.com/wp-content/uploads/2021/06/FNF-Character-Test-Playground2.jpg
"FNF Pibby vs Corrupted BF, Blueballed Fight for Control",https://fnf.kdata1.com/blueballed-pibby/1.5/,https://kbhgames.com/wp-content/uploads/2022/02/friday-night-funkin-pibby-vs-corrupted-bf-blueballed-fight-for-control.jpg
FNF Corruption Takeover – Pico Week Nexus,https://fnf.kdata1.com/corruption-takeover-pico-week-nexus/1.1/,https://kbhgames.com/wp-content/uploads/2022/07/fnf-corruption-takeover-pico-week-nexus.jpg
FNF: Falter Alters Prime Retake,https://fnf.kdata1.com/2024/falter-alters-prime-retake/1/,https://kbhgames.com/wp-content/uploads/2024/09/fnf-falter-alters-prime-retake-1.jpg
Friday Night Funkin Corruption: Reimagined!,https://fnf.kdata1.com/corruption-reimagined/1/,https://kbhgames.com/wp-content/uploads/2022/02/friday-night-funkin-corruption-reimagined.jpg
FNF vs Sonic.EXE 2.0,https://fnf.kdata1.com/sonic.exe/3/,https://kbhgames.com/wp-content/uploads/2021/11/friday-night-funkin-vs-sonic-exe-2-0.jpg
FNF vs Bob v2.0 (Bob’s Onslaught),https://fnf.run3.io/bob/v2/?d,https://kbhgames.com/wp-content/uploads/2021/07/FNF-vs-Bob-v2.0-Bobs-Onslaught-1.jpg
FNF Vs. Hex 2 (Weekend Update),https://fnf.kdata1.com/hex-weekend/2/,https://kbhgames.com/wp-content/uploads/2021/04/friday-night-funkin-vs-hex-mod-full-week.jpg
Wednesday’s Infidelity 2 vs Sad Mickey Mouse,https://fnf.kdata1.com/wednesdays-infidelity-vs-sad-mickey-mouse/3/,https://kbhgames.com/wp-content/uploads/2021/12/wednesdays-infidelity-vs-sad-mickey-mouse.png
FNF x AKAGE,https://fnf.kdata1.com/2025/akage/1/,https://kbhgames.com/wp-content/uploads/2025/03/FNF-x-AKAGE.jpg
FNF: Doki Doki Takeover (DDLC) Plus,https://kdata1.com/5000/2025/doki-doki-takeover-ddlc/,https://kbhgames.com/wp-content/uploads/2021/10/friday-night-funkin-doki-doki-takeover-ddlc.jpg
FNF: Vs. Dave and Bambi: Golden Apple Edition,https://fnf.kdata1.com/dave-bambi-golden-apple/1/,https://kbhgames.com/wp-content/uploads/2021/12/fnf-vs-dave-and-bambi-golden-apple-edition.jpg
FNF Character Test Playground 3,https://fnf.run3.io/playground-3/2/?f,https://kbhgames.com/wp-content/uploads/2021/07/FNF-Character-Test-Playground-3.jpg
Friday Night Funkin’: Whitty ERECT,https://fnf.kdata1.com/2024/whitty-erect/1/,https://kbhgames.com/wp-content/uploads/2024/10/friday-night-funkin-whitty-erect.jpg
Animation VS Friday Night Funkin’ Full Mod,https://fnf.kdata1.com/animation/3/,https://kbhgames.com/wp-content/uploads/2022/10/animation-vs-friday-night-funkin-mod.jpg
FNF Mid Fight Masses Deluxe Edition,https://fnf.kdata1.com/mid-fight-masses-deluxe-edition/1/,https://kbhgames.com/wp-content/uploads/2021/11/fnf-mid-fight-masses-deluxe-edition.jpg
FNF Vs FNAF 3,https://fnf.kdata1.com/2025/fnaf3/,https://kbhgames.com/wp-content/uploads/2025/01/FNF-Vs-FNAF-3.jpg
Friday Night Funkin’: Foned In (FNF Mobile),https://fnf.run3.io/foned-in/1/,https://kbhgames.com/wp-content/uploads/2021/04/friday-night-funkin-foned-in-fnf-mobile.jpg
FNF: DustTale Remastered v2.0,https://fnf.run3.io/dusttale-remastered/1.1/,https://kbhgames.com/wp-content/uploads/2021/09/friday-night-funkin-dusttale-remastered-v2-0.jpg
"FNF vs FNaF 1 (vs Freddy, Chica, Foxy, Bonnie)",https://fnf.kdata1.com/fnaf1/1/,https://kbhgames.com/wp-content/uploads/2022/03/fnf-vs-fnaf-vs-freddy-chica-foxy-bonnie.jpg
FNF vs Shaggy x Matt,https://fnf.run3.io/shaggy-matt/1.5/,https://kbhgames.com/wp-content/uploads/2021/07/FNF-vs-Shaggy-x-Matt.jpg
Friday Night Funkin: Pico School,https://fnf.kdata1.com/pico-school/2.1/,https://kbhgames.com/wp-content/uploads/2021/05/picoschool.jpg
"FNF vs Accelerant Hank, but he shoots 8X More Bullets",https://fnf.kdata1.com/accelerant-hank-with-more-bullets/1/,https://kbhgames.com/wp-content/uploads/2021/11/fnf-vs-accelerant-hank-but-he-shoots-8x-more-bullets.jpg
FNF Carol and Whitty Date Week,https://fnf.run3.io/carol-and-whitty-date-week/1.1/,https://kbhgames.com/wp-content/uploads/2021/07/FNF-Carol-and-Whitty-Date-Week.jpg
FNF Rev-Mixed vs Matt and Shaggy,https://fnf.kdata1.com/rev-mixed-vs-matt-and-shaggy/1/,https://kbhgames.com/wp-content/uploads/2023/06/FNF-Rev-Mixed-vs-Matt-and-Shaggy.png
FNF’ Vs Gorefield (Garfield),https://kdata1.com/5000/2025/gorefield-garfield/,https://kbhgames.com/wp-content/uploads/2025/01/FNF-Vs-Gorefield-Garfield.jpg
FNF vs Matt WIIK 3 (Fanmade),https://fnf.run3.io/matt-3-fanmade/3.1/,https://kbhgames.com/wp-content/uploads/2021/06/FNF-vs-Matt-WIIK-3-Fanmade.jpg
Friday Night Funkin’ Neo v3.0,https://fnf.run3.io/neo/2.5/?d,https://kbhgames.com/wp-content/uploads/2021/03/friday-night-funkin-neo-1.jpg
FNF Vs. Impostor (2025): UPDOG,https://fnf.kdata1.com/2025/impostor-2025/15/,https://kbhgames.com/wp-content/uploads/2025/05/fnf-vs-impostor-2025-updog.jpg
FNF Character Test Playground 4,https://fnf.run3.io/playground-4/1.25/,https://kbhgames.com/wp-content/uploads/2021/10/FNF-Character-Test-Playground-4.jpg
FNF vs Shaggy x Matt But only 4 Keys,https://fnf.run3.io/shaggy-x-matt-but-only-4-keys/1/,https://kbhgames.com/wp-content/uploads/2021/10/FNF-vs-Shaggy-x-Matt-But-only-4-Keys.jpg
FNF El Chavo & Quico | El Chavo Del 8 T2,https://fnf.kdata1.com/el-chavo-quico-el-chavo-del-8-t2/1/,https://kbhgames.com/wp-content/uploads/2023/01/fnf-el-chavo-quico-el-chavo-del-8-t2.png
Friday Night Funkin vs Bob,https://fnf.run3.io/bob/1/?222,https://kbhgames.com/wp-content/uploads/2021/05/Friday-Night-Funkin-vs-Bob.jpg
FNF x Pibby: Glitched Legends,https://fnf.kdata1.com/pibby-glitched-legends/1.11/,https://kbhgames.com/wp-content/uploads/2022/06/fnf-x-pibby-glitched-legends.jpg
FNF Silly Billy With Lyrics,https://fnf.kdata1.com/2024/silly-billy-with-lyrics/30/,https://kbhgames.com/wp-content/uploads/2024/06/FNF-Silly-Billy-With-Lyrics.png
"Rainbow Friends But Yellow, Pink, Red Join",https://fnf.kdata1.com/rainbow-friends-but-yellow-pink-red-join/1/,https://kbhgames.com/wp-content/uploads/2022/10/Rainbow-Friends-But-Yellow-Pink-Red-Join.jpg
FNF vs Pibby Twilight Sparkle – Dusk Till Dawn,https://fnf.kdata1.com/pibby-twilight-sparkle-dusk-till-dawn/2.1/,https://kbhgames.com/wp-content/uploads/2022/02/friday-night-funkin-vs-pibby-twilight-sparkle-dusk-till-dawn-1.jpg
FNF Vs Rainbow Friends,https://fnf.kdata1.com/,https://kbhgames.com/wp-content/uploads/2022/08/FNF-Vs-Rainbow-Friends.png
FNF: Friday Night Fever + Taki’s Revenge,https://fnf.kdata1.com/fever/1/,https://kbhgames.com/wp-content/uploads/2021/08/fnf-friday-night-fever.jpg
FnF: Sarvente vs Taki Sing Crucify,https://fnf.run3.io/sarvente-vs-taki-sing-crucify/1/?d,https://kbhgames.com/wp-content/uploads/2021/08/fnf-sarvente-vs-taki-in-crucify.jpg
FNF Vs. Dave and Bambi: Definitive Edition,https://fnf.kdata1.com/dave-and-bambi-definitive-edition/1.1/,https://kbhgames.com/wp-content/uploads/2022/01/fnf-vs-dave-and-bambi-definitive-edition.jpg
FNF: Plants vs. Rappers,https://fnf.kdata1.com/plant-rapper/2/,https://kbhgames.com/wp-content/uploads/2022/01/friday-night-funkin-plants-vs-rappers.jpg
FnF vs Zardy Phase 2 Bushwhack,https://fnf.run3.io/zardy-v2-bushwhack/1.21/?d,https://kbhgames.com/wp-content/uploads/2021/08/FnF-vs-Zardy-v2-Bushwhack.jpg
Friday Night Funkin’ vs Tails Secret Histories,https://fnf.kdata1.com/tails-secret-histories/1.1/,https://kbhgames.com/wp-content/uploads/2022/02/friday-night-funkin-vs-tails-secret-histories.jpg
FNF: Lost My Mind + Breaking Point,https://fnf.kdata1.com/lost-my-mind-breaking-point/1/,https://kbhgames.com/wp-content/uploads/2022/09/fnf-lost-my-mind-breaking-point.jpg
FNF Weekend 1 [Girlfriend Mix],https://fnf.kdata1.com/2025/weekend-1-girlfriend-mix/1/,https://kbhgames.com/wp-content/uploads/2025/06/fnf-weekend-1-girlfriend-mix.jpg
Friday Night Funkin HD Remix Update,https://fnf.kdata1.com/hd-remix/1.1/,https://kbhgames.com/wp-content/uploads/2022/02/friday-night-funkin-hd-remix-update.jpg
Friday Night Funkin vs Flippy & Fliqpy,https://fnf.run3.io/flippy/1.16/,https://kbhgames.com/wp-content/uploads/2021/07/Friday-Night-Funkin-vs-Flippy.jpg
FNF vs Mokey the Mouse,https://fnf.kdata1.com/mokey-2/1/,https://kbhgames.com/wp-content/uploads/2021/10/FNF-vs-Mokey-the-Mouse.jpg
Funkin’ MIX,https://fnf.kdata1.com/funkin-mix/1/,https://kbhgames.com/wp-content/uploads/2023/02/funkin-mix.jpg
Friday Night Funkin: The X Event Full Week,https://fnf.run3.io/xmod/2/,https://kbhgames.com/wp-content/uploads/2021/04/fnf-x-mod.jpg
FNF vs Monika (DDLC) Full Week Rebooted,https://fnf.run3.io/monika/8.44/,https://kbhgames.com/wp-content/uploads/2021/05/Friday-Night-Funkin-vs-Monika-DDLC.jpg
FNF: Expurgation High Effort 2.0,https://fnf.run3.io/expurgation-high-effort-2-0/1/?4,https://kbhgames.com/wp-content/uploads/2021/08/fnf-expurgation-high-effort-2-0.jpg
FNF Corruption Outnumbered,https://fnf.kdata1.com/corruption-outnumbered/1/,https://kbhgames.com/wp-content/uploads/2022/05/FNF-Corruption-Outnumbered-1.png
FNF Sick of It – Speed VS KSI,https://fnf.kdata1.com/2024/sick-of-it-a-speed-vs-ksi-oneshot/1/,https://kbhgames.com/wp-content/uploads/2024/11/fnf-sick-of-it-a-speed-vs-ksi-oneshot.jpg
FNF 17 Bucks: Floor 1,https://fnf.kdata1.com/17-bucks-floor-1/1/,https://kbhgames.com/wp-content/uploads/2023/08/fnf-17-bucks-floor-1.jpg
FNF Chara vs BF Knife Fight,https://fnf.kdata1.com/2024/chara-vs-bf-knife-fight/1/,https://kbhgames.com/wp-content/uploads/2024/07/fnf-chara-vs-bf-knife-fight.jpg
FNF vs Tord/Tom/Edd,https://fnf.run3.io/tord/7/?222,https://kbhgames.com/wp-content/uploads/2021/05/fnftordremastered.jpg
FNF Skyverse + NuSKY Mod,https://fnf.kdata1.com/skyverse/1.2/,https://kbhgames.com/wp-content/uploads/2022/04/fnf-skyverse-nusky-mod.jpg
FNF Anemaniac – Bendy vs Ollie,https://fnf.kdata1.com/2025/anemaniac-bendy-vs-ollie/1/,https://kbhgames.com/wp-content/uploads/2025/03/fnf-anemaniac-bendy-vs-ollie.jpg
FNF Vs Matt Voiid-Sides,https://fnf.kdata1.com/matt-voiid-sides/1/,https://kbhgames.com/wp-content/uploads/2022/04/fnf-vs-matt-voiid-sides.jpg
Friday Night Funkin’ Soft,https://fnf.run3.io/fnf-soft/1.4/,https://kbhgames.com/wp-content/uploads/2021/08/Friday-Night-Funkin-Soft.jpg
FNF: Dead Air (Internet Horror Media),https://fnf.kdata1.com/2024/dead-air-internet-horror-media/1/,https://kbhgames.com/wp-content/uploads/2024/07/fnf-dead-air-internet-horror-media.jpg
Friday Night Funkin’ Vs RetroSpecter,https://fnf.run3.io/retrospector/1/?dd,https://kbhgames.com/wp-content/uploads/2021/08/friday-night-funkin-vs-retrospecter.jpg
FNF Mesmerized Playable (Miku vs Teto),https://fnf.kdata1.com/2024/mesmerized-playable/1/,https://kbhgames.com/wp-content/uploads/2024/06/FNF-Mesmerized-Playable.jpg
Friday Night Funkin HD v4,https://fnf.run3.io/HD/9/,https://kbhgames.com/wp-content/uploads/2021/05/Friday-Night-Funkin-HD.jpg
Friday Night Funkin vs Camellia v2,https://fnf.kdata1.com/camellia/5/,https://kbhgames.com/wp-content/uploads/2021/07/friday-night-funkin-vs-camellia-1.jpg
FNF: Manifest but Every Turn a Different Cover is Used,https://fnf.run3.io/manifest-but-every-turn-a-different-cover-is-used/1.3/,https://kbhgames.com/wp-content/uploads/2021/07/fnf-manifest-but-every-turn-a-different-cover-is-used.jpg
FNF Hazy River vs Garcello & Annie,https://fnf.kdata1.com/hazy-river-vs-garcello-annie/1/,https://kbhgames.com/wp-content/uploads/2022/05/fnf-hazy-river-vs-garcello-annie.jpg
FNF Pico Vs Tankman: Familiar Encounters,https://fnf.kdata1.com/familiar-encounters/1/,https://kbhgames.com/wp-content/uploads/2022/06/fnf-pico-vs-tankman-familiar-encounters.png
FNF Confronting Yourself (Final Zone),https://fnf.kdata1.com/sonic-exe-confronting-yourself-final-zone/2/,https://kbhgames.com/wp-content/uploads/2023/11/fnf-sonic-exe-confronting-yourself-final-zone.png
FNF Fire in the Hole,https://fnf.kdata1.com/2024/fire-in-the-hole/6/,https://kbhgames.com/wp-content/uploads/2024/01/fnf-fire-in-the-hole.png
FNF: Animal but Every Turn a Different Cover is Used,https://fnf.run3.io/animal-but-every-turn-a-different-cover-is-use/1.6/,https://kbhgames.com/wp-content/uploads/2021/07/fnf-animal-but-every-turn-a-different-cover-is-used-1.jpg
FNF Vs Impostor: Black Betrayal,https://fnf.kdata1.com/impostor-black-betrayal/1/,https://kbhgames.com/wp-content/uploads/2022/05/fnf-vs-impostor-black-betrayal.jpg
FNF TwiddleFinger,https://fnf.kdata1.com/2024/twiddlefinger-fanmade/5/,https://kbhgames.com/wp-content/uploads/2024/06/FNF-TwiddleFinger.jpg
FNF IDOL with Oshi no Ko,https://fnf.kdata1.com/idol-with-oshi-no-ko/1/,https://kbhgames.com/wp-content/uploads/2023/07/FNF-IDOL-with-Oshi-no-Ko.jpg
Friday Night Funkin vs Big Brother v2,https://fnf.kdata1.com/bigbrother/2/,https://kbhgames.com/wp-content/uploads/2021/07/Friday-Night-Funkin-vs-Big-Brother.jpg
FNF Serious But Everyone Sings It,https://fnf.kdata1.com/eveyone-sings-serious/1/,https://kbhgames.com/wp-content/uploads/2022/04/fnf-serious-but-everyone-sings-it.png
Friday Night Funkin’ vs Void,https://fnf.kdata1.com/void/2/,https://kbhgames.com/wp-content/uploads/2022/06/friday-night-funkin-vs-void.jpg
FNF vs Flippy Flipped Out 2 (Happy Tree Friends),https://fnf.kdata1.com/flippy-flipped-out-2/1/,https://kbhgames.com/wp-content/uploads/2022/01/friday-night-funkin-vs-flippy-flipped-out-2-happy-tree-friends.jpg
Friday Night Funkin’ Meet Nikusa,https://fnf.kdata1.com/meet-nikusa/1/,https://kbhgames.com/wp-content/uploads/2023/03/friday-night-funkin-meet-nikusa-1.jpg
FNF Rush E but Animation vs. Minecraft,https://fnf.kdata1.com/2024/rush-e-but-animation-vs-minecraft/2.5/,https://kbhgames.com/wp-content/uploads/2024/10/fnf-rush-e-but-animation-vs-minecraft-2.png
FNF The Basement Show (Tom & Jerry),https://kdata1.com/5000/2025/basement-show2/,https://kbhgames.com/wp-content/uploads/2022/07/fnf-the-basement-show-tom-jerry-creepypasta-mod.jpg
FNF Scuffle But Everyone Sings,https://fnf.kdata1.com/2024/scuffle-but-everyone-sings/1.1/,https://kbhgames.com/wp-content/uploads/2024/11/FNF-Scuffle-But-Everyone-Sings.png
FNF vs Whitty (Definitive Edition),https://fnf.kdata1.com/whitty-definitive-edition/1.5/,https://kbhgames.com/wp-content/uploads/2022/02/friday-night-funkin-vs-whitty-definitive-edition.jpg
FNF: Uberkids vs Pico Sings Unloaded,https://fnf.kdata1.com/uberkids-pico/1.25/,https://kbhgames.com/wp-content/uploads/2022/02/friday-night-funkin-uberkids-vs-pico-sings-unloaded.jpg
FNF Twinsomnia: Boy and Girl,https://fnf.kdata1.com/twinsomnia/1/,https://kbhgames.com/wp-content/uploads/2022/07/fnf-twinsomnia-boy-and-girl-1.jpg
FNF: Friday Night Cursed: Vs. Herobrine,https://fnf.run3.io/herobrine/1/?Dd,https://kbhgames.com/wp-content/uploads/2021/10/fnf-friday-night-cursed-vs-herobrine.jpg
FNF Sonic Legacy – RodentRap,https://fnf.kdata1.com/2024/sonic-legacy-rodentrap/1/,https://kbhgames.com/wp-content/uploads/2024/03/FNF-Sonic-Legacy-RodentRap.png
FNF vs Fireboy & Watergirl,https://fnf.run3.io/fireboy-watergirl/2/,https://kbhgames.com/wp-content/uploads/2021/07/friday-night-funkin-vs-fireboy-watergirl.jpg
FNF: Pico vs Darnell,https://fnf.kdata1.com/pico-vs-darnell/1/,https://kbhgames.com/wp-content/uploads/2022/03/fnf-pico-vs-darnell-full-week.jpg
FNF Hatsune Miku – Project Funkin’,https://fnf.kdata1.com/2024/hatsune-miku-project-funkin/1/,https://kbhgames.com/wp-content/uploads/2023/12/hatsune-miku-project-funkin.png
FNF – Miku Sing Love Groove,https://fnf.kdata1.com/2024/miku-sing-love-groove/1/,https://kbhgames.com/wp-content/uploads/2024/11/fnf-miku-sing-love-groove.jpg
FNF vs Matt Wii Funkin’ Duet Mod,https://fnf.run3.io/matt-wii-funkin-duet-mod/1/,https://kbhgames.com/wp-content/uploads/2021/08/FNF-vs-Matt-Wii-Funkin-Duet-Mod.jpg
FNF: Expurgation but Everyone Takes Turn Singing it,https://fnf.kdata1.com/everyone-sings-expurgation/1/,https://kbhgames.com/wp-content/uploads/2021/12/fnf-expurgation-but-everyone-takes-turn-singing-it.jpg
FNF vs RetroSpecter 1.5 (Psych Engine),https://fnf.kdata1.com/retrospecter-1-5-pe/1/,https://kbhgames.com/wp-content/uploads/2022/03/fnf-vs-retrospecter-1-5-psych-engine.jpg
FNF Vs EddsWorld,https://fnf.run3.io/eddsworld/1.1/,https://kbhgames.com/wp-content/uploads/2021/06/FNF-Vs-EddsWorld.jpg
Friday Night Funkin vs Mami,https://fnf.run3.io/mami/2/,https://kbhgames.com/wp-content/uploads/2021/10/friday-night-funkin-vs-mami.jpg
FNF Checked But Everyone Sings it,https://fnf.kdata1.com/everyone-sings-checked/1/,https://kbhgames.com/wp-content/uploads/2022/05/fnf-checked-but-everyone-sings-it.jpg
Friday Night Corruption vs Pico,https://fnf.kdata1.com/night-corruption-vs-pico/1/,https://kbhgames.com/wp-content/uploads/2022/09/friday-night-corruption-vs-pico.jpg
FNF Boyfriend Lost to Corruption,https://fnf.kdata1.com/boyfriend-lost-to-corruption/1/,https://kbhgames.com/wp-content/uploads/2023/01/FNF-Boyfriend-Lost-to-Corruption.jpg
FNF vs Selever Full Week,https://fnf.run3.io/selever-full-week/1/,https://kbhgames.com/wp-content/uploads/2021/09/friday-night-funkin-vs-selever-full-week.jpg
FNF: Whitty Vs. Boyfriend Fire Fight Mod,https://fnf.kdata1.com/whitty-fire/1.25/,https://kbhgames.com/wp-content/uploads/2021/11/fnf-whitty-vs-boyfriend-fire-mod.jpg
FNF Lyrical Mayhem Mashup,https://fnf.kdata1.com/2024/lyrical-mayhem-mashup/2/,https://kbhgames.com/wp-content/uploads/2024/07/fnf-lyrical-mayhem-mashup.jpg
FNF vs Baldi’s Basics in Funkin,https://fnf.run3.io/baldis-basics/1/,https://kbhgames.com/wp-content/uploads/2021/10/friday-night-funkin-vs-baldis-basics-in-funkin.jpg
FNF Vs Dave and Bambi: Hortas Edition V3,https://fnf.kdata1.com/hortas-edition/3/,https://kbhgames.com/wp-content/uploads/2023/04/fnf-vs-dave-and-bambi-hortas-edition-v3.jpg
Friday Night At The Pizza Tower (Vs. Peppino),https://fnf.kdata1.com/2025/pizza-tower-vs-peppino1/,https://kbhgames.com/wp-content/uploads/2025/01/friday-night-at-the-pizza-tower-vs-peppino.jpg
FNF Bambi’s Aggrivation Mod,https://fnf.kdata1.com/bambis-aggrivation/1/,https://kbhgames.com/wp-content/uploads/2022/02/friday-night-funkin-bambis-aggrivation-mod.png
Friday Night Funkin B-Sides,https://fnf.kdata1.com/b-sides/1.5/,https://kbhgames.com/wp-content/uploads/2022/02/friday-night-funkin-b-sides.jpg
FNF vs Improbable Chaos Mashup Mod,https://fnf.run3.io/improbable-chaos-mashup/1.25/?22,https://kbhgames.com/wp-content/uploads/2021/07/FNF-vs-Improbable-Chaos-Mashup-Mod.jpg
FNF VS Ron 3.0,https://fnf.kdata1.com/ron3/3/,https://kbhgames.com/wp-content/uploads/2023/08/fnf-vs-ron-3-0.jpg
FNF Mistful Crimson Morning Reboot,https://fnf.kdata1.com/2025/mistful-crimson-morning-reboot/1/,https://kbhgames.com/wp-content/uploads/2025/04/FNF-Mistful-Crimson-Morning-Reboot-1.jpg
FNF vs Matt Wii Funkin’ Title Bout,https://fnf.kdata1.com/matt-wii-funkin-title-bout/1/,https://kbhgames.com/wp-content/uploads/2022/04/fnf-vs-matt-wii-funkin-title-bout.jpg
FNF X Pibby vs Naruto,https://fnf.kdata1.com/pibby-naruto/1.11/,https://kbhgames.com/wp-content/uploads/2022/04/FNF-X-Pibby-vs-Naruto.jpg
FNF Vs Sonic.exe – Prey (Good Future),https://fnf.kdata1.com/prey-good-future/1/,https://kbhgames.com/wp-content/uploads/2022/11/fnf-vs-sonic-exe-prey-good-future.jpg
FNF vs Stickman,https://fnf.run3.io/stickman/1/,https://kbhgames.com/wp-content/uploads/2021/09/FNF-vs-Stickman.jpg
FNF: Sonic.EXE & Sonic Sings Confronting Yourself,https://fnf.kdata1.com/confronting-yourself-sonic/1/,https://kbhgames.com/wp-content/uploads/2022/01/friday-night-funkin-sonic-exe-sonic-sings-confronting-yourself.png
FNF Seek’s Cool Deltarune Mod,https://fnf.kdata1.com/seeks-cool-deltarune/3/,https://kbhgames.com/wp-content/uploads/2022/05/FNF-Seeks-Cool-Deltarune-Mod.jpg
Poppy Funktime vs Bunzo Bunny (FNF Mod),https://fnf.kdata1.com/poppy-funktime-vs-bunzo-bunny/1/,https://kbhgames.com/wp-content/uploads/2022/05/Poppy-Funktime-vs-Bunzo-Bunny-FNF-Mod.jpg
FNF: vs Miku Hatsune v2,https://fnf.run3.io/miku/2/,https://kbhgames.com/wp-content/uploads/2021/09/friday-night-funkin-vs-miku-hatsune-v2-1.jpg
FNF vs Sky HD,https://fnf.run3.io/sky-hd/1.555/,https://kbhgames.com/wp-content/uploads/2021/06/FNF-vs-Sky-HD.jpg
"FNF vs Edd, Tord (ChallengEdd)",https://fnf.kdata1.com/challengedd/1.25/?dd,https://kbhgames.com/wp-content/uploads/2022/02/friday-night-funkin-vs-edd-tord-challengedd.jpg
FNF Corruption vs Soul Boyfriend,https://fnf.kdata1.com/corruption-soul-boyfriend/1/,https://kbhgames.com/wp-content/uploads/2022/04/FNF-Corruption-vs-Soul-Boyfriend.jpg
FNF x Pibby Vs Annoying Orange,https://fnf.kdata1.com/pibby-vs-annoying-orange/1.2/,https://kbhgames.com/wp-content/uploads/2022/05/FNF-x-Pibby-Vs-Annoying-Orange.jpg
FNF X Pibby Corrupted-Hero Remix,https://fnf.kdata1.com/pibby-corrupted-hero-remix/1/,https://kbhgames.com/wp-content/uploads/2022/05/FNF-X-Pibby-Corrupted-Hero-Remix.jpg
FNF: Manny Edition (V3),https://fnf.kdata1.com/manny-edition-v3/1/,https://kbhgames.com/wp-content/uploads/2023/01/fnf-manny-edition-v3.jpg
"FNF vs Accelerant Hank, but All Bullets",https://fnf.kdata1.com/accelerant-hank-all-bullets/1/,https://kbhgames.com/wp-content/uploads/2021/11/fnf-vs-accelerant-hank-but-all-bullets.jpg
FNF vs Whitty Corruption The Chase v2 Revamped,https://fnf.run3.io/whitty-corruption-the-chase/5/,https://kbhgames.com/wp-content/uploads/2021/07/fnf-corrupted-whitty-the-chase.jpg
FNF: Ugh Song but Every Turn a Different Cover is Used,https://fnf.run3.io/ugh-song-but-every-turn-a-different-cover-is-used/1/,https://kbhgames.com/wp-content/uploads/2021/07/fnf-ugh-song-but-every-turn-a-different-cover-is-used.jpg
FNF: Late Night City Tales vs Limu,https://fnf.kdata1.com/late-night-city-tales-vs-limu/1/,https://kbhgames.com/wp-content/uploads/2022/09/fnf-late-night-city-tales-vs-limu.jpg
Friday Night Dustin Vs Dusttale Sans & Papyrus,https://fnf.kdata1.com/dustin-vs-dusttale-sans-papyrus/1/,https://kbhgames.com/wp-content/uploads/2023/03/friday-night-dustin-vs-dusttale-sans-papyrus-1.jpg
FNF VS Starecrown – Definitive Edition,https://fnf.kdata1.com/starecrown-definitive-edition/1/,https://kbhgames.com/wp-content/uploads/2023/11/fnf-vs-starecrown-definitive-edition.jpg
FNF Brainrot Vs Tung Tung Tung Sahur,https://fnf.kdata1.com/2025/brainrot-vs-tung-tung-tung-sahur/1.1/,https://kbhgames.com/wp-content/uploads/2025/05/FNF-Brainrot-Vs-Tung-Tung-Tung-Sahur-1.jpg
FNF Diva of the World – Confessions of a Rotten Girl,https://fnf.kdata1.com/2025/diva-of-the-world-confessions-of-a-rotten-girl/1/,https://kbhgames.com/wp-content/uploads/2025/04/fnf-diva-of-the-world-confessions-of-a-rotten-girl.jpg
FNF Insane (A Hazbin Hotel Song) with Lyrics,https://fnf.kdata1.com/2024/insane-a-hazbin-hotel-song-with-lyrics/1/,https://kbhgames.com/wp-content/uploads/2024/04/FNF-Insane-A-Hazbin-Hotel-Song-with-Lyrics.jpg
Friday Night Funkin’ Week 3 Retake,https://fnf.kdata1.com/2024/week-3-remaster-vs-pico/1/,https://kbhgames.com/wp-content/uploads/2024/09/friday-night-funkin-week-3-remaster-vs-pico.jpg
Dating Night Funkin’ But Everyone Sings It (Heartbass & Lover),https://fnf.run3.io/dating-night-funkin-but-every-turn-a-different-character-sings/1.12/,https://kbhgames.com/wp-content/uploads/2021/08/dating-night-funkin-but-every-turn-a-different-character-sings.jpg
FNF vs Sky Remanifested,https://fnf.kdata1.com/sky-remanifested/1/,https://kbhgames.com/wp-content/uploads/2022/04/fnf-vs-sky-remanifested-1.jpg
Friday Night Funkin’ After The Week,https://fnf.kdata1.com/after-the-week/1/,https://kbhgames.com/wp-content/uploads/2022/09/friday-night-funkin-after-the-week.jpg
FNF Vs. Five Nights at Freddy’s 2,https://fnf.kdata1.com/fnf-vs-fnaf2/1/,https://kbhgames.com/wp-content/uploads/2022/11/fnf-vs-five-nights-at-freddys-2.jpg
Friday Night Funkin’ D-Sides,https://fnf.kdata1.com/d-sides/300/,https://kbhgames.com/wp-content/uploads/2025/02/friday-night-funkin-d-sides.jpg
FNF vs Tankman Week 7 in HD,https://fnf.run3.io/week7-hd/1/,https://kbhgames.com/wp-content/uploads/2021/10/FNF-vs-Tankman-Week-7-in-HD.jpg
"Prey but Fleetway, Sonic.exe, and Sonic sing it",https://fnf.kdata1.com/prey-but-fleetway-sonic-exe-and-sonic-sing-it/1/,https://kbhgames.com/wp-content/uploads/2022/08/prey-but-fleetway-sonic-exe-and-sonic-sing-it.jpg
FNF Incident 012F vs Hank,https://fnf.kdata1.com/incident012f-vs-hank/1/,https://kbhgames.com/wp-content/uploads/2022/04/fnf-incident012f-vs-hank.jpg
FNF vs Tricky in HD,https://fnf.run3.io/tricky-in-hd/1.2/?4434,https://kbhgames.com/wp-content/uploads/2021/07/FNF-vs-Tricky-in-HD.jpg
FnF: Mid Fight Masses HD,https://fnf.run3.io/mid-fight-masses-hd/1.21/,https://kbhgames.com/wp-content/uploads/2021/09/friday-night-funkin-mid-fight-masses-hd.jpg
FNF vs Mario’s Madness (MARIO 85′ / MX / Mario.EXE),https://fnf.kdata1.com/marios-madness-mario-85-mx-mario-exe/1.1/,https://kbhgames.com/wp-content/uploads/2022/02/friday-night-funkin-vs-marios-madness-mario-85-mx-mario-exe.jpg
FNF TwiddleFinger but full Lyrics,https://fnf.kdata1.com/2024/twiddlefinger-but-full-lyrics/1/,https://kbhgames.com/wp-content/uploads/2024/08/fnf-twiddlefinger-but-full-lyrics.jpg
FNF Blueballed V2,https://fnf.kdata1.com/2025/blueballed-v2/1.1/,https://kbhgames.com/wp-content/uploads/2025/05/FNF-Blueballed-V2.jpg
FNF Lovewrec’d with Nene & GF,https://fnf.kdata1.com/2024/lovewrecd-with-nene-gf/1/,https://kbhgames.com/wp-content/uploads/2024/07/fnf-lovewrecd-with-nene-gf.jpg
FNF: Animation vs Animator: The Chosen One,https://fnf.kdata1.com/animator-vs-animation/1.1/,https://kbhgames.com/wp-content/uploads/2021/12/fnf-animation-vs-animator-the-chosen-one.jpg
FNF: Sonic Vs. Fleetway Chaos Nightmare,https://fnf.kdata1.com/sonic-vs-fleetway-chaos-nightmare/1.3/,https://kbhgames.com/wp-content/uploads/2022/02/fnf-sonic-vs-fleetway-chaos-nightmare.jpg
FNF vs Mommy Long Legs (Playtime Poppy),https://fnf.kdata1.com/mommy-long-legs-playtime-poppy/1.1/,https://kbhgames.com/wp-content/uploads/2022/03/fnf-vs-mommy-long-legs-playtime-poppy.jpg
FNF x Pibby vs Finn & Jake – CN Takeover,https://fnf.kdata1.com/finn-jake-cn-takeover/1/,https://kbhgames.com/wp-content/uploads/2022/04/fnf-x-pibby-vs-finn-jake-cn-takeover.jpg
FNF: Speed VS Ben (Confronting Yourself),https://fnf.kdata1.com/speed-vs-ben-confronting-yourself/1/,https://kbhgames.com/wp-content/uploads/2022/02/fnf-speed-vs-ben-confronting-yourself.jpg
FNF X Pibby Battle for Corrupted Island 2.0 (VS Pibby BFDI),https://fnf.kdata1.com/battle-for-corrupted-island-2-0-vs-pibby-bfdi/1/,https://kbhgames.com/wp-content/uploads/2022/11/friday-night-funkin-pibby-battle-for-corrupted-island-2-0-vs-pibby-bfdi.jpg
Friday Night Funkin vs Starecrown,https://fnf.run3.io/starecrown/1/,https://kbhgames.com/wp-content/uploads/2021/05/Friday-Night-Funkin-vs-Starecrown.jpg
FNF: Tabi VS Whitty,https://fnf.run3.io/tabi-vs-whitty/1/,https://kbhgames.com/wp-content/uploads/2021/06/fnf-tabi-vs-whitty.png
FNF: Sonic.Exe vs Sonic Full Week,https://fnf.run3.io/sonicexe-vs-sonic-full-week/1/,https://kbhgames.com/wp-content/uploads/2021/10/fnf-sonic-exe-vs-sonic-full-week.png
FNF Vs CatNap v2 (Poppy Playtime Chapter 3),https://fnf.kdata1.com/2024/catnap-v2-poppy-playtime-chapter-3/1/,https://kbhgames.com/wp-content/uploads/2024/05/FNF-Vs-CatNap-v2-Poppy-Playtime-Chapter-3.jpg
FNF Funkin Physics vs Trollface/Trollge,https://fnf.kdata1.com/funkin-physics-trollface-trollge/1/,https://kbhgames.com/wp-content/uploads/2021/06/fnf-vs-vs-trollface-trollge.jpg
Friday Night Funkin vs Chara 2.0,https://fnf.kdata1.com/chara/2/,https://kbhgames.com/wp-content/uploads/2023/04/friday-night-funkin-vs-chara-2-0.jpg
FNF: Genocider Mashup Mod: Tricky & Whitty vs Tabi & Agoti,https://fnf.run3.io/tricky-whitty-vs-tabi-agoti/1.3/,https://kbhgames.com/wp-content/uploads/2021/07/fnf-tricky-whitty-vs-tabi-agoti.jpg
FNF X Pibby: Corrupted Finn & Jake,https://fnf.kdata1.com/pibby-finn/2/,https://kbhgames.com/wp-content/uploads/2021/11/friday-night-funkin-vs-corrupted-pibby-finn-jake.png
FNF Vocal Catastrophe – Sonic Identity Crisis,https://fnf.kdata1.com/vocal-catastrophe-sonic-identity-crisis/1/,https://kbhgames.com/wp-content/uploads/2022/12/FNF-Vocal-Catastrophe-Sonic-Identity-Crisis.png
FNF: Girlfriend vs FNF Universe,https://fnf.kdata1.com/gf-vs-fnf-universe/1.1/,https://kbhgames.com/wp-content/uploads/2022/01/friday-night-funkin-girlfriend-vs-fnf-universe.jpg
FNF Zardy Sings Weedkiller,https://fnf.kdata1.com/zardy-weedkiller/1/,https://kbhgames.com/wp-content/uploads/2022/06/FNF-Zardy-Sings-Weedkiller.jpg
FNF: Triple Trouble ERECT REMIX,https://fnf.kdata1.com/triple-trouble-erect-remix/1/,https://kbhgames.com/wp-content/uploads/2022/02/fnf-triple-trouble-erect-remix.jpg
FNF vs Garcello RTX,https://fnf.kdata1.com/garcello-rtx/1/,https://kbhgames.com/wp-content/uploads/2022/05/FNF-vs-Garcello-RTX.jpg
FNF VS Plant’s Night Funkin Replanted,https://fnf.kdata1.com/plants-night-funkin-replanted/1/,https://kbhgames.com/wp-content/uploads/2021/10/fnf-vs-plants-night-funkin-replanted.jpg
FNF: Huggy Playtime but Everyone Sings It,https://fnf.kdata1.com/everyone-sings-playtime/1/?44,https://kbhgames.com/wp-content/uploads/2021/11/fnf-huggy-playtime-but-everyone-sings-it.jpg
FNF vs UnderTale,https://fnf.kdata1.com/undertale/1.25/,https://kbhgames.com/wp-content/uploads/2021/12/FNF-vs-UnderTale-1.jpg
Friday Night Funkin vs Slenderman,https://fnf.run3.io/slenderman/3/,https://kbhgames.com/wp-content/uploads/2021/08/Friday-Night-Funkin-vs-Slenderman.jpg
FNF VS Sonic Dash & Spin,https://fnf.kdata1.com/sonic-dash-spin/2/,https://kbhgames.com/wp-content/uploads/2022/10/fnf-vs-sonic-dash-spin.jpg
FNF: Girls’ Night Out,https://fnf.kdata1.com/girls-night-out/1/,https://kbhgames.com/wp-content/uploads/2023/05/fnf-girls-night-out.jpg
FNF Indie Trouble (Triple Trouble Indie Cross Cover),https://fnf.kdata1.com/indie-trouble-triple-trouble-indie-cross-cover/1/,https://kbhgames.com/wp-content/uploads/2023/05/fnf-indie-trouble-triple-trouble-indie-cross-cover.jpg
FNF Darkness Takeover: Aftermath,https://fnf.kdata1.com/takeover-aftermath/1/,https://kbhgames.com/wp-content/uploads/2023/07/fnf-darkness-takeover-aftermath.jpg
FNF x Ace Attorney – Turnabout,https://fnf.kdata1.com/2024/ace-attorney-turnabout/1/,https://kbhgames.com/wp-content/uploads/2024/07/fnf-x-ace-attorney-turnabout.jpg
FNF: Holiday Mod Part 2,https://fnf.kdata1.com/holiday-mod-part-2/1.5/?55,https://kbhgames.com/wp-content/uploads/2021/12/friday-night-funkin-holiday-mod-part-2.jpg
Friday Night Funkin’ VS Tails.EXE,https://fnf.kdata1.com/tails-exe/1/,https://kbhgames.com/wp-content/uploads/2022/01/friday-night-funkin-vs-tails-exe.jpg
FNF Sonic Below The Depths,https://fnf.kdata1.com/sonic-below-the-depths/1/,https://kbhgames.com/wp-content/uploads/2022/04/fnf-sonic-below-the-depths.jpg
FNF Silly Billy & Herself Lullaby,https://fnf.kdata1.com/2024/silly-billy-herself-lullaby/1.1/,https://kbhgames.com/wp-content/uploads/2024/07/FNF-Silly-Billy-Herself-Lullaby.png
FNF Different Girlfriend sing Release,https://fnf.kdata1.com/2024/different-girlfriend-sing-release/1/,https://kbhgames.com/wp-content/uploads/2024/10/fnf-different-girlfriend-sing-release.jpg
FNF Blissful But Everyone Sings It,https://fnf.kdata1.com/2025/blissful-but-everyone-sings-it/1/,https://kbhgames.com/wp-content/uploads/2025/02/fnf-blissful-but-everyone-sings-itg.jpg
FNF Vs. Sonic.EXE (XAG) Ultimate,https://fnf.kdata1.com/2025/sonic-exe-xag-ultimate/1.0.2/,https://kbhgames.com/wp-content/uploads/2025/04/fnf-vs-sonic-exe-xag-ultimate.jpg
FNF vs Tord (Red Fury Edition) Full Release,https://fnf.kdata1.com/tord-red-fury/2/,https://kbhgames.com/wp-content/uploads/2022/01/friday-night-funkin-vs-tord-red-fury-full-week.jpg
FNF vs Corrupted Tankman (Corrupted Night),https://fnf.kdata1.com/corrupted-tankman/1/?sddd,https://kbhgames.com/wp-content/uploads/2022/01/friday-night-funkin-vs-corrupted-tankman.jpg
"FNF Project Shootout vs Pico, Nene, & Darnell",https://fnf.kdata1.com/project-shootout/1/,https://kbhgames.com/wp-content/uploads/2022/05/fnf-project-shootout-vs-pico-nene-darnell.jpg
FNF Rabbit Hole with Hatsune Miku & BF,https://fnf.kdata1.com/2024/rabbit-hole-with-hatsune-miku-bf/1/,https://kbhgames.com/wp-content/uploads/2024/04/fnf-rabbit-hole-with-hatsune-miku-bf.jpg
FNF Shut The Door But Everyone Sings It,https://fnf.kdata1.com/2024/shut-the-door-but-everyone-sings-it/2/,https://kbhgames.com/wp-content/uploads/2024/12/fnf-shut-the-door-but-everyone-sings-it1.jpg
FNF x Static ft. Hatsune Miku,https://fnf.kdata1.com/2025/static-ft-hatsune-miku/1.1/,https://kbhgames.com/wp-content/uploads/2025/06/fnf-x-static-featuring-miku.jpg
FNF Mid-Fight Masses: Gender Inversion,https://fnf.kdata1.com/mid-fight-masses-gender-inversion/1/,https://kbhgames.com/wp-content/uploads/2022/12/fnf-mid-fight-masses-gender-inversion.jpg
FNF Battle for Corrupted Island vs Pibby BFDI,https://fnf.kdata1.com/battle-for-corrupted-island-vs-pibby-bfdi/1/,https://kbhgames.com/wp-content/uploads/2022/12/FNF-Battle-for-Corrupted-Island-vs-Pibby-BFDI.jpg
FNF Sonic.EXE Final Escape,https://fnf.kdata1.com/sonic-exe-final-escape/1/,https://kbhgames.com/wp-content/uploads/2022/07/FNF-Sonic.EXE-Final-Escape.jpg
FNF: Tord Expanded,https://fnf.run3.io/tord-expanded/1/,https://kbhgames.com/wp-content/uploads/2021/10/friday-night-funkin-tord-expanded.jpg
Funkin’ Corruption: Deep Freeze,https://fnf.kdata1.com/2024/corruption-deep-freeze/1/,https://kbhgames.com/wp-content/uploads/2024/11/funkin-corruption-deep-freeze-1.jpg
FNF vs Tricky Phase 5? (FanMade),https://fnf.run3.io/tricky-phrase-5-fanmade/1.1115/,https://kbhgames.com/wp-content/uploads/2021/06/FNF-vs-Tricky-Phrase-5.jpg
FNF vs Nyan Cat,https://fnf.run3.io/nyan-cat/1/?d,https://kbhgames.com/wp-content/uploads/2021/10/friday-night-funkin-vs-nyan-cat.jpg
FNF Doki Doki Takeover! – Bad Ending,https://fnf.kdata1.com/doki-doki-takeover-bad-ending/1/,https://kbhgames.com/wp-content/uploads/2022/07/fnf-doki-doki-takeover-bad-ending.jpg
FNF vs Minecraft Steve 2.5,https://fnf.kdata1.com/mincraft-steve/2.8/,https://kbhgames.com/wp-content/uploads/2021/08/FNF-vs-Minecraft-Steve-2.5.jpg
FNF The Fazbear But Everyone Sings It,https://fnf.kdata1.com/2025/fazbear-but-everyone-sings-it/1/,https://kbhgames.com/wp-content/uploads/2025/03/FNF-The-Fazbear-But-Everyone-Sings-It.jpg
FNF vs Oswald the Lucky Rabbit,https://fnf.kdata1.com/oswald-the-lucky-rabbit/1.55/,https://kbhgames.com/wp-content/uploads/2021/10/friday-night-funkin-vs-oswald-the-lucky-rabbit.jpg
Friday Night Funkin: B-Side Redux,https://fnf.kdata1.com/b-side-redux/2/,https://kbhgames.com/wp-content/uploads/2022/09/friday-night-funkin-b-side-redux-1.jpg
FNF B-Sides Indie Cross,https://fnf.kdata1.com/indie-cross-b-sides/2/,https://kbhgames.com/wp-content/uploads/2022/09/FNF-B-Sides-Indie-Cross.jpg
FNF: Funkin Drones x Murder Drones,https://fnf.kdata1.com/2024/funkin-drones-x-murder-drones/1/,https://kbhgames.com/wp-content/uploads/2024/09/fnf-funkin-drones-x-murder-drones-1.jpg
FNF Vs Tralalero Tralala,https://fnf.kdata1.com/2025/tralalero-tralala/1/,https://kbhgames.com/wp-content/uploads/2025/05/FNF-Vs-Tralalero-Tralala.png
FNF: Crying Cursed Emoji over EXPURGATION,https://fnf.run3.io/crying-cursed-emoji/1.25/?333f,https://kbhgames.com/wp-content/uploads/2021/07/fnf-crying-cursed-emoji-over-expurgation.jpg
FNF: The Impossible Trio,https://fnf.kdata1.com/impossible-trio/2/,https://kbhgames.com/wp-content/uploads/2021/10/impossible-trio.png
FNF vs Hypno Lullaby Mod,https://fnf.kdata1.com/hypno-lullaby-mod/1.35/?ds,https://kbhgames.com/wp-content/uploads/2021/11/FNF-vs-Hypno-Lullaby-Mod-1.jpg
FNF Pibby Vs Corrupted Peppa Pig,https://fnf.kdata1.com/pibby-vs-corrupted-peppa-pig/1.1/,https://kbhgames.com/wp-content/uploads/2022/03/fnf-pibby-vs-corrupted-peppa-pig.jpg
FNF vs SMB Funk Mix: Game Over,https://fnf.kdata1.com/smb-funk-mix-game-over/1/,https://kbhgames.com/wp-content/uploads/2022/04/fnf-vs-smb-funk-mix-game-over.jpg
FNF Catnap Sleep Well,https://fnf.kdata1.com/2024/catnap-sleep-well/1/,https://kbhgames.com/wp-content/uploads/2024/06/FNF-Catnap-Sleep-Well.jpg
FNF vs Brazilian Miku Oneshot!,https://fnf.kdata1.com/2024/brazilian-miku-oneshot/1.2/,https://kbhgames.com/wp-content/uploads/2024/12/fnf-vs-brazilian-miku-oneshot.jpg
FNF Playable Girlfriend,https://fnf.kdata1.com/2025/playable-girlfriend/1/,https://kbhgames.com/wp-content/uploads/2025/02/FNF-Playable-Girlfriend.jpg
Friday Night Funkin’ Ft. Sans,https://fnf.kdata1.com/friday-night-funkin-ft-sans/1/,https://kbhgames.com/wp-content/uploads/2022/09/friday-night-funkin-ft-sans.jpg
Friday Night Ballin’ vs Roblox Baller,https://fnf.kdata1.com/friday-night-ballin/1/,https://kbhgames.com/wp-content/uploads/2022/11/friday-night-ballin-vs-roblox-baller.jpg
FNF Dreadful Funkin’ Night,https://fnf.kdata1.com/2024/dreadful-funkin-night/1/,https://kbhgames.com/wp-content/uploads/2024/12/fnf-dreadful-funkin-night.jpg
FNF vs Matt Wiik 4! (Fanmade),https://fnf.run3.io/matt-wiik-4-fanmade/1/,https://kbhgames.com/wp-content/uploads/2021/08/FNF-vs-Matt-Wiik-4-Fanmade.jpg
FNF: TKO but Matt Goes All Out,https://fnf.run3.io/tko-but-matt-goes-all-out/1/,https://kbhgames.com/wp-content/uploads/2021/09/fnf-tko-but-matt-goes-all-out.jpg
FNF X Pibby: Corrupted Steven Universe,https://fnf.kdata1.com/pibby-corrupted-steven-universe/1/,https://kbhgames.com/wp-content/uploads/2021/11/FNF-X-Pibby-Corrupted-Steven-Universe.jpg
FNF vs CJ & Ruby (Starlight Mayhem Rebooted),https://fnf.kdata1.com/starlight-mayhem-rebooted/1.5/?D434d3,https://kbhgames.com/wp-content/uploads/2021/12/FNF-vs-CJ-Ruby-Starlight-Mayhem-Rebooted.jpg
FNF: Funktime VS Huggy Wuggy,https://fnf.kdata1.com/2025/funktime/1.1/,https://kbhgames.com/wp-content/uploads/2025/06/fnf-funktime-vs-huggy-wuggy.jpg
FNF vs Bambi’s Hellscape,https://fnf.kdata1.com/bambis-hellscape/1/,https://kbhgames.com/wp-content/uploads/2021/11/friday-night-funkin-vs-bambis-hellscape.jpg
FNF vs Kissy Missy (Poppy Playtime),https://fnf.kdata1.com/kissy-missy/1/,https://kbhgames.com/wp-content/uploads/2021/12/friday-night-funkin-vs-kissy-missy-poppy-playtime.jpg
"FNF: AGOTI, Tabi, Ruv Sings Whitty Definitive Edition",https://fnf.kdata1.com/whitty-definite-agoti-ruv-tabi/1/,https://kbhgames.com/wp-content/uploads/2022/02/fnf-agoti-tabi-ruv-sings-whitty-definitive-edition.jpg
FNF x NextBots vs Obunga Beatbox,https://fnf.kdata1.com/nextbots/1/,https://kbhgames.com/wp-content/uploads/2022/08/fnf-x-nextbots-vs-obunga-beatbox.jpg
FNF: Big Engine Brawl,https://fnf.kdata1.com/big-engine-brawl/1/,https://kbhgames.com/wp-content/uploads/2023/09/fnf-big-engine-brawl.jpg
FNF vs Sprunki – Sprunkin,https://fnf.kdata1.com/2024/sprunki-sprunkin/1/,https://kbhgames.com/wp-content/uploads/2024/10/fnf-vs-sprunki-sprunkin.jpg
FNF: Roses Remix But Everyone Sings it,https://fnf.run3.io/everyone-sings-roses-remix/1.1/,https://kbhgames.com/wp-content/uploads/2021/09/friday-night-funkin-roses-remix-but-everyone-sings-it.jpg
FNF vs Mr. Trololo (Friday Night Incident),https://fnf.kdata1.com/trololo/1/,https://kbhgames.com/wp-content/uploads/2021/10/friday-night-funkin-vs-mr-trololo-1.jpg
"FNF Entity vs Solazar, Agoti, Nikusa & Aldryx",https://fnf.kdata1.com/entity-agoti/1/,https://kbhgames.com/wp-content/uploads/2021/12/fnf-entity-vs-solazar-agoti-nikusa-aldryx.jpg
"FNF Skeleton Bros Vs Chara, Sans & Papyrus",https://fnf.kdata1.com/skeleton-bros/1/,https://kbhgames.com/wp-content/uploads/2022/05/fnf-skeleton-bros-vs-chara-sans-papyrus.jpg
FNF: Agoti and Taki Sing Crucify,https://fnf.run3.io/agoti-and-taki-sing-crucify/1/,https://kbhgames.com/wp-content/uploads/2021/09/fnf-agoti-and-taki-sing-crucify.jpg
"FNF Rabbit Hole with Hatsune Miku, But Playable",https://fnf.kdata1.com/2024/rabbit-hole-with-hatsune-miku-but-playable/1/,https://kbhgames.com/wp-content/uploads/2024/03/fnf-rabbit-hole-with-hatsune-miku-but-playable.jpg
FNF Madness Incident: 0201A,https://fnf.kdata1.com/2024/madness-incident-0201a/1/,https://kbhgames.com/wp-content/uploads/2024/09/fnf-madness-incident-0201a.jpg
FNF Vs Mouse: Rookies Edition (Disk 1),https://fnf.kdata1.com/2025/mouse-rookies-edition/2.1/,https://kbhgames.com/wp-content/uploads/2025/05/fnf-vs-mouse-rookies-edition.jpg
FNF Trepidation 1.5,https://fnf.kdata1.com/trepidation/1.5/,https://kbhgames.com/wp-content/uploads/2021/10/fnf-trepidation-1-5.png
FNF: Accelerant Hank Reanimated,https://fnf.kdata1.com/accelerant-hank-reanimated/1.25/,https://kbhgames.com/wp-content/uploads/2021/11/fnf-accelerant-hank-reanimated.jpg
Friday Night Funkin’ vs New Sky (High Effort),https://fnf.kdata1.com/sky-new/1/,https://kbhgames.com/wp-content/uploads/2022/02/friday-night-funkin-vs-new-sky-high-effort-mod.jpg
Friday Night Funkin Vs Yourself,https://fnf.kdata1.com/vs-yourself/1/,https://kbhgames.com/wp-content/uploads/2022/07/friday-night-funkin-vs-yourself.jpg
FNF Encounter Z-Sharp Remix,https://fnf.kdata1.com/encounter-z-sharp-remix/1/,https://kbhgames.com/wp-content/uploads/2022/08/fnf-encounter-z-sharp-remix.jpg
FNF Porifera Atoll (A.K.A Lies),https://fnf.kdata1.com/2025/porifera-atoll-a-k-a-lies/1/,https://kbhgames.com/wp-content/uploads/2025/07/fnf-porifera-atoll-a-k-a-lies.png
FNF: Guns Song but Every Turn a Different Cover is Used,https://fnf.run3.io/guns-but-every-turn-different-cover/1/,https://kbhgames.com/wp-content/uploads/2021/07/fnf-guns-song-but-every-turn-a-different-cover-is-used.jpg
FNF Funkdela Catalogue,https://fnf.kdata1.com/funkdela-catalogue/2/,https://kbhgames.com/wp-content/uploads/2025/02/FNF-Funkdela-Catalogue.jpg
Funk’s Justice Vs. Deku (My Hero Academia),https://fnf.kdata1.com/funks-justice-vs-deku-my-hero-academia/1.1/,https://kbhgames.com/wp-content/uploads/2022/08/Funks-Justice-Vs.-Deku-My-Hero-Academia.jpg
Friday Night Funkin Vs. Sans,https://fnf.run3.io/sans/5/,https://kbhgames.com/wp-content/uploads/2021/04/Friday-Night-Funkin-Vs.-Sans-2.jpg
FNF: Disruption (Dave and Bambi Fan-Made Song),https://fnf.kdata1.com/disruption/1/,https://kbhgames.com/wp-content/uploads/2021/12/fnf-disruption-dave-and-bambi-fan-made-song.jpg
FNF vs Shaggy 3.0 (Fan Made),https://fnf.kdata1.com/shaggy-3-fan-made/1/,https://kbhgames.com/wp-content/uploads/2021/12/fnf-vs-shaggy-3-0-fan-made.jpg
FNF vs Huggy Wuggy Expansion (Poppy Playtime),https://fnf.kdata1.com//huggy-wuggy-fanmade-expansion/1.25/,https://kbhgames.com/wp-content/uploads/2021/12/fnf-vs-huggy-wuggy-expansion-poppy-playtime.jpg
FNF vs Super Mario Bros (Funk Mix DX),https://fnf.kdata1.com/mario-bros/2/,https://kbhgames.com/wp-content/uploads/2022/01/FNF-vs-Mario-Bros-Funk-Mix-1.jpg
FNF vs Roblox Doors,https://fnf.kdata1.com/roblox-doors/1/,https://kbhgames.com/wp-content/uploads/2022/12/FNF-vs-Roblox-Doors.jpg
FNF BPM – Turn Bass – Playing UNO,https://fnf.kdata1.com/turn-bass-bpm/1/,https://kbhgames.com/wp-content/uploads/2022/12/friday-night-funkin-turn-bass-bpm.jpg
LOCK-ON: Friday Night Funkin’,https://fnf.kdata1.com/lock-on-friday-night-funkin/1/,https://kbhgames.com/wp-content/uploads/2023/02/lock-on-friday-night-funkin-1.jpg
FNF vs Hornet Remake,https://fnf.kdata1.com/hornet-remake/1/,https://kbhgames.com/wp-content/uploads/2021/09/FNF-vs-Hornet.jpg
FNF: Whitty + BF VS Fun-Sized Whitty,https://fnf.run3.io/whitty-bf-vs-fun-sized-whitty/1/,https://kbhgames.com/wp-content/uploads/2021/09/friday-night-funkin-whitty-bf-vs-fun-sized-whitty.jpg
FNF: Majin Sonic and Sonic.Exe Sings Chaotic Endeavors,https://fnf.run3.io/chaotic-endless-sonic/1/,https://kbhgames.com/wp-content/uploads/2021/10/fnf-majin-sonic-and-sonic-exe-sings-chaotic-endless.jpg
FNF Vs Super Funky Idol,https://fnf.kdata1.com/super-idol/1/,https://kbhgames.com/wp-content/uploads/2021/12/FNF-Vs-Super-Funky-Idol.jpg
FNF Tail’s Halloween vs Sonic.EXE,https://fnf.kdata1.com//tails-halloween/1.1/,https://kbhgames.com/wp-content/uploads/2022/03/friday-night-funkin-tails-halloween-vs-sonic-exe-1.jpg
FNF Roblox Rainbow Friends vs Blue,https://fnf.kdata1.com/roblox-rainbow-friends-vs-blue/1/,https://kbhgames.com/wp-content/uploads/2022/10/FNF-Roblox-Rainbow-Friends-vs-Blue.jpg
"FNF Genocide, but Everyone Sings it",https://fnf.kdata1.com/genocide-but-everyone-sings-it/1/,https://kbhgames.com/wp-content/uploads/2023/09/fnf-genocide-but-everyone-sings-it.jpg
FNF Broken Strings – Sesame Street Glitched,https://fnf.kdata1.com/2024/broken-string/1.12/,https://kbhgames.com/wp-content/uploads/2024/05/fnf-vs-broken-string-sesame-street-glitched-2.jpg
FNF Vs. Human Impostor V2,https://fnf.kdata1.com/2025/human-impostor-v2/1/,https://kbhgames.com/wp-content/uploads/2025/02/fnf-vs-human-impostor-v2.jpg
FNF: Classic Sonic and Sonic.EXE Sings Too-Slow,https://fnf.run3.io/too-slow-classic-sonic-sonic-exe/1/,https://kbhgames.com/wp-content/uploads/2021/09/fnf-classic-sonic-and-sonic-exe-sings-too-slow.jpg
FNF Elements Of Insanity vs My Little Pony,https://fnf.kdata1.com/elements-of-insanity-vs-my-little-pony-cupcakes/2/,https://kbhgames.com/wp-content/uploads/2022/03/FNF-Elements-Of-Insanity-vs-My-Little-Pony.jpg
FNF Vs Sonic The Hedgehog,https://fnf.kdata1.com/sonic-the-hedgehog/1/,https://kbhgames.com/wp-content/uploads/2022/04/FNF-Vs-Sonic-The-Hedgehog-1.jpg
FNF Regular Friday Night VS Regular Show,https://fnf.kdata1.com/regular-friday-night/2/,https://kbhgames.com/wp-content/uploads/2022/11/fnf-regular-friday-night-vs-regular-show.jpg
FNF The Return Funkin Vs Whitty in 2023,https://fnf.kdata1.com/return-funkin-vs-whitty-in-2023/1/,https://kbhgames.com/wp-content/uploads/2023/01/fnf-the-return-funkin-vs-whitty-in-2023.jpg
FNF Double Kill v2 Playable,https://fnf.kdata1.com/double-kill-v2-playable/1/,https://kbhgames.com/wp-content/uploads/2023/07/fnf-double-kill-v2-playable.jpg
"FNF Drop and Roll, but Playable",https://fnf.kdata1.com/2024/drop-and-roll-but-playable/2/,https://kbhgames.com/wp-content/uploads/2024/04/FNF-Drop-and-Roll-but-Playable-1.jpg
FNF The Amazing Grace: Rotten-Smoothie,https://fnf.kdata1.com/2024/amazing-grace-rotten-smoothie/2/,https://kbhgames.com/wp-content/uploads/2024/06/fnf-the-amazing-grace-rotten-smoothie.jpg
FNF Funk Hill Zone,https://fnf.kdata1.com/2024/funk-hill-zone/1/,https://kbhgames.com/wp-content/uploads/2024/11/FNF-Funk-Hill-Zone.jpg
FNF Sweet Chocolate (VS. CHARA),https://fnf.kdata1.com/2025/sweet-chocolate-vs-chara/1/,https://kbhgames.com/wp-content/uploads/2025/03/fnf-sweet-chocolate-vs-chara.png
Friday Night Funkin Vs. Ghost Twins,https://fnf.run3.io/ghosttwins/2/,https://kbhgames.com/wp-content/uploads/2021/06/Friday-Night-Funkin-Vs.-GhostTwins.jpg
FNF vs Kapi (Fanmade Week),https://fnf.run3.io/kapi-kapisun-cat-on-the-mic/2/,https://kbhgames.com/wp-content/uploads/2021/06/fnf-kapi-kapisun-cat-on-the-mic.jpg
FNF Vs Camellia RUDE BUSTER,https://fnf.run3.io/camellia-rude-buster/1/,https://kbhgames.com/wp-content/uploads/2021/08/FNF-Vs-Camellia-RUDE-BUSTER.jpg
FNF vs Shaggy only 4 keys,https://fnf.run3.io/shaggy-4-keys/1/,https://kbhgames.com/wp-content/uploads/2021/10/FNF-vs-Shaggy-only-4-keys.jpg
FNF vs Mario Ultra Rebooted,https://fnf.kdata1.com/mario-ultra-rebooted/1/,https://kbhgames.com/wp-content/uploads/2022/03/fnf-vs-mario-ultra-rebooted-1.jpg
Silent Note but Demon Slayer Sings it,https://fnf.kdata1.com/silent-note-but-demon-slayer-sings-it/1/,https://kbhgames.com/wp-content/uploads/2022/09/Silent-Note-but-Demon-Slayer-Sings-it.jpg
Friday Night Funkin vs Freddy Fazbear,https://fnf.run3.io/freddy-fazbear/1.1/,https://kbhgames.com/wp-content/uploads/2021/08/Friday-Night-Funkin-vs-Freddy-Fazbear.jpg
Steven Universe: Mini FNF Mod Pack,https://fnf.kdata1.com/steven-universe-mini-fnf-mod-pack/1.1/,https://kbhgames.com/wp-content/uploads/2022/09/steven-universe-mini-fnf-mod-pack.jpg
Friends to Your End but Rainbow Friends vs Impostor,https://fnf.kdata1.com/friends-to-your-end-but-rainbow-friends-vs-impostor/1/,https://kbhgames.com/wp-content/uploads/2022/09/Friends-to-Your-End-but-Rainbow-Friends-vs-Impostor-1.jpg
FNF x The Amazing Digital Circus: Candy Carrier Chaos,https://fnf.kdata1.com//2024/TADC-candy-carrier-chaos/1/,https://kbhgames.com/wp-content/uploads/2024/10/Candy-Carrier-Chaos.jpg
FNF vs Matt Wiik B-Sides,https://fnf.kdata1.com/matt-b-sides/1/,https://kbhgames.com/wp-content/uploads/2021/12/fnf-vs-matt-wiik-b-sides.jpg
FNF vs Sad Mickey Mouse Craziness Injection,https://fnf.kdata1.com/mouse-avi-craziness-injection/2/,https://kbhgames.com/wp-content/uploads/2021/12/FNF-vs-Sad-Mickey-Mouse-Craziness-Injection.jpg
FNF Pibby vs Sonic Boom – Corrupted Generations,https://fnf.kdata1.com/boom-sonic-corrupted-generations/1/,https://kbhgames.com/wp-content/uploads/2022/01/friday-night-funkin-vs-boom-sonic-corrupted-generations.jpg
FNF Funk vs Miss Nagatoro,https://fnf.kdata1.com/funk-vs-miss-nagatoro/1/,https://kbhgames.com/wp-content/uploads/2022/05/FNF-Funk-vs-Miss-Nagatoro.jpg
FNF vs Neo QT,https://fnf.kdata1.com/qt-neo/1.2/,https://kbhgames.com/wp-content/uploads/2022/05/FNF-vs-Neo-QT.jpg
FNF Rainbow Friends sings Four Way Fracture,https://fnf.kdata1.com/rainbow-friends-sings-four-way-fracture/1/,https://kbhgames.com/wp-content/uploads/2022/10/FNF-Rainbow-Friends-sings-Four-way-Fracture-1.jpg
FNF vs Sun – Pico Fangirl,https://fnf.kdata1.com/sun-pico-fangirl/1/,https://kbhgames.com/wp-content/uploads/2023/09/FNF-vs-Sun-Pico-Fangirl.jpg
FNF: Tabi the Ex-Boyfriend in HD,https://fnf.run3.io/tabi-hd/1/,https://kbhgames.com/wp-content/uploads/2021/10/fnf-tabi-the-ex-boyfriend-in-hd.jpg
FNF vs Pibby Corrupted Gumball & Jake,https://fnf.kdata1.com/pibby-gumball-jake/1/,https://kbhgames.com/wp-content/uploads/2021/11/fnf-vs-pibby-gumball-jake.jpg
Friday Night Funkin: BF sings Rush E,https://fnf.kdata1.com/rush-e/1/,https://kbhgames.com/wp-content/uploads/2022/02/friday-night-funkin-bf-sings-rush-e.jpg
FNF: New Triple Trouble Reanimated & Remixed,https://fnf.kdata1.com/triple-triple-reanimated/1.2/,https://kbhgames.com/wp-content/uploads/2022/02/fnf-new-triple-trouble-reanimated-remixed.png
FNF Unknown Suffering but Everyone Sings it,https://fnf.kdata1.com/everyone-sings-unknown-suffering/1/,https://kbhgames.com/wp-content/uploads/2022/05/FNF-Unknown-Suffering-but-Everyone-Sings-it.jpg
Something About Friday Night Funkin’,https://fnf.kdata1.com/something-about-friday-night-funkin/1/,https://kbhgames.com/wp-content/uploads/2022/09/something-about-friday-night-funkin.jpg
FNF: BFDI Beats,https://fnf.kdata1.com/bfdi-beats/1/,https://kbhgames.com/wp-content/uploads/2022/12/fnf-bfdi-beats.jpg
FNF Helluva Boss Funkin,https://fnf.kdata1.com/2024/helluva-boss-funkin/3/,https://kbhgames.com/wp-content/uploads/2024/01/FNF-Helluva-Boss-Funkin.jpg
"FNF Anthropophobia Erect, but Playable",https://fnf.kdata1.com/2024/anthropophobia-erect-but-playable/1/,https://kbhgames.com/wp-content/uploads/2024/03/fnf-anthropophobia-erect-but-playable-1.jpg
FNF Whitty Ballistic Retro Specter Remix,https://fnf.run3.io/whitty-retro/1/,https://kbhgames.com/wp-content/uploads/2021/05/FNF-vs-Whitty-Ballistic-Retro-Specter-Remix.jpg
Friday Night Funkin vs Shaggy HD,https://fnf.run3.io/shaggy-hd/1/,https://kbhgames.com/wp-content/uploads/2021/08/Friday-Night-Funkin-vs-Shaggy-HD.jpg
Friday Night Funkin: Bad Luck QT,https://fnf.run3.io/qt-bad-luck/1/,https://kbhgames.com/wp-content/uploads/2021/09/friday-night-funkin-bad-luck-qt.jpg
FNF vs Mickey Mouse.AVI The Final (Sunday Night),https://fnf.kdata1.com/mickey-mouse-avi-the-final/1/,https://kbhgames.com/wp-content/uploads/2021/12/fnf-vs-mickey-mouse-avi-the-final-sunday-night-1.jpg
FNF vs Blue Shaggy (Chapter 7/8) Fanmade,https://fnf.kdata1.com/shaggy-blue-78/1/,https://kbhgames.com/wp-content/uploads/2022/02/FNF-vs-Blue-Shaggy-Chapter-78Fanmade.jpg
FNF X Pibby Doof Mod vs Perry Platypus,https://fnf.kdata1.com/pibby-vs-perry-platypus/1.1/,https://kbhgames.com/wp-content/uploads/2022/04/fnf-x-pibby-vs-perry-platypus.jpg
Friday Night Funkin Vs Matt 2.0,https://run3.io/popgame/fnf/mattwii-2/?ddd,https://kbhgames.com/wp-content/uploads/2021/04/Friday-Night-Funkin-VS-Matt-from-Wii.jpg
Friday Night Funkin’ vs Annie,https://run3.io/popgame/fnf/fnf-ke141-vs-annie1/,https://kbhgames.com/wp-content/uploads/2021/04/Friday-Night-Funkin-VS-Annie.jpg
Friday Night Funkin VS Carol v2,https://run3.io/popgame/fnf/fnf-ke131-carol-v2/,https://kbhgames.com/wp-content/uploads/2021/04/Friday-Night-Funkin-VS-Carol-v2.jpg
Friday Night Funkin’ Touhou Mod Pack,https://run3.io/popgame/fnf/fnf-ke131-touhou/,https://kbhgames.com/wp-content/uploads/2021/04/friday-night-funkin-touhou-mod-pack.jpg
FNF vs Mistful Crimson Morning,https://fnf.kdata1.com/mistful-crimson-morning/1/,https://kbhgames.com/wp-content/uploads/2022/07/fnf-vs-mistful-crimson-morning.png
"FNF Pasta Night with GF, Pico, & BF + Girls Night",https://fnf.kdata1.com/pasta-night-with-gf-pico-bf-girls-night/1/,https://kbhgames.com/wp-content/uploads/2022/10/fnf-pasta-night-with-gf-pico-bf-girls-night.jpg
FNF Oh God No Remix – Gumball VS Darwin,https://fnf.kdata1.com//2024/god-no-remix-gumball-vs-darwin/2/,https://kbhgames.com/wp-content/uploads/2024/01/fnf-oh-god-no-remix-gumball-vs-darwin.jpg
FNF vs KOU (Kepler Observation Unit) v3,https://fnf.kdata1.com/kou/3/,https://kbhgames.com/wp-content/uploads/2021/06/friday-nigh-funkin-vs-kou-kepler-observation-unit.jpg
FNF vs Garcello’s Return,https://fnf.run3.io/garcello-return/1.55/?4,https://kbhgames.com/wp-content/uploads/2021/07/friday-night-funkin-vs-garcellos-return.jpg
FNF vs Zardy and CableCrow Reanimated (Phase 2),https://fnf.run3.io/zardy-v2-bushwhack/reanimated/1/,https://kbhgames.com/wp-content/uploads/2021/09/fnf-vs-zardy-and-cablecrow-reanimated-phase-2.jpg
FNF: AppleCore (Dave and Bambi Fan-Made Song),https://fnf.kdata1.com/applecore/1/,https://kbhgames.com/wp-content/uploads/2021/12/fnf-applecore-dave-and-bambi-fan-made-song.jpg
FNF: Corrupted Trouble Revived,https://fnf.kdata1.com/corrupted-trouble-revived/1.1/,https://kbhgames.com/wp-content/uploads/2021/12/fnf-corrupted-trouble-revived.jpg
FNF Undertale Last Breath Vs Sans,https://fnf.kdata1.com/undertale-last-breath-vs-sans/1/,https://kbhgames.com/wp-content/uploads/2022/01/FNF-Undertale-Last-Breath-Vs-Sans.jpg
FNF OH GOD NO (Genesis Mix),https://fnf.kdata1.com/2024/oh-god-no-genesis-mix/1/,https://kbhgames.com/wp-content/uploads/2024/01/fnf-oh-god-no-genesis-mix.jpg
FNF Vs. Party Crashers,https://fnf.kdata1.com/2025/party-crashers/1/,https://kbhgames.com/wp-content/uploads/2025/01/fnf-vs-party-crashers.jpg
Friday Night Funkin Erect Remix,https://fnf.kdata1.com/erect-remix/1.2/,https://kbhgames.com/wp-content/uploads/2021/12/erect-remix.jpg
Friday Night Funkin’: VS Ron Resurrection V2.5,https://fnf.kdata1.com/ron-resurrection/2.5/,https://kbhgames.com/wp-content/uploads/2022/02/friday-night-funkin-vs-ron-resurrection-v2-5.jpg
FNF x Pibby vs Corrupted Sonic Edition,https://fnf.kdata1.com/pibby-vs-corrupted-sonic-edition/1/,https://kbhgames.com/wp-content/uploads/2022/05/FNF-x-Pibby-vs-Corrupted-Sonic-Edition.jpg
FNF VS Whitty – Time’s Up BF,https://fnf.kdata1.com/whitty-times-up-bf/1/,https://kbhgames.com/wp-content/uploads/2022/08/fnf-vs-whitty-times-up-bf.jpg
FNF 119 SUS!,https://fnf.kdata1.com/119-sus/1/,https://kbhgames.com/wp-content/uploads/2022/08/FNF-119-SUS.jpg
Final Triple – Triple Trouble Encore,https://fnf.kdata1.com/final-triple-triple-trouble-encore/1/,https://kbhgames.com/wp-content/uploads/2022/09/final-triple-triple-trouble-encore.png
DDLC VS EddsWorld | Fandom Fracture,https://fnf.kdata1.com/ddlc-vs-eddsworld-fandom-fracture/1.1/,https://kbhgames.com/wp-content/uploads/2022/09/ddlc-vs-eddsworld-fandom-fracture.jpg
Friday Night Funkin’: Multiverse Mayhem,https://fnf.kdata1.com/multiverse-mayhem/1/,https://kbhgames.com/wp-content/uploads/2022/12/friday-night-funkin-multiverse-mayhem.png
FNF Official Final Escape,https://fnf.kdata1.com/official-final-escape/1/,https://kbhgames.com/wp-content/uploads/2023/04/fnf-official-final-escape-1.jpg
"FNF Crucify, But Everyone Sings It",https://fnf.kdata1.com/2024/crucify-but-everyone-sings-it/3/,https://kbhgames.com/wp-content/uploads/2024/05/fnf-crucify-but-everyonesings-it.jpg
FNF vs BopCity,https://fnf.kdata1.com/2024/bopcity/1.1/,https://kbhgames.com/wp-content/uploads/2024/07/FNF-vs-BopCity.jpg
Friday Night Funkin’ Duo Pack,https://fnf.kdata1.com/duo-pack/2/,https://kbhgames.com/wp-content/uploads/2021/05/Friday-Night-Funkin-Duo-Pack.jpg
FNF: Boyfriend Sings Freedom Dive,https://fnf.kdata1.com/freedom-dive/1.1/,https://kbhgames.com/wp-content/uploads/2022/05/fnf-boyfriend-sings-freedom-dive.png
Friday Night Funkin’ Pow Ski Sings for You!,https://fnf.kdata1.com/pow-ski-sings-for-you/2.1/,https://kbhgames.com/wp-content/uploads/2022/02/friday-night-funkin-pow-ski-sings-for-you.jpg
FNF X Pibby vs Corrupted Garcello & Annie,https://fnf.kdata1.com/pibby-garcello/2/?d,https://kbhgames.com/wp-content/uploads/2022/02/fnf-vs-pibby-corrupted-garcello-mod-1.jpg
FNF Roasted BF & GF vs Pico,https://fnf.kdata1.com/roasted-bf-gf-pico/1/,https://kbhgames.com/wp-content/uploads/2022/05/fnf-roasted-bf-gf-vs-pico.jpg
FNF Pico Old School,https://fnf.kdata1.com/pico-old-school/1/,https://kbhgames.com/wp-content/uploads/2022/10/fnf-pico-old-school.jpg
Friday Night Funkin’ Nightmares,https://fnf.kdata1.com/fnf-nightmare/1/,https://kbhgames.com/wp-content/uploads/2022/10/Friday-Night-Funkin-Nightmares.jpg
FNF vs Random Wees: Dave & Bambi Extended,https://fnf.kdata1.com/random-wees-dave-bambi-extended/1/,https://kbhgames.com/wp-content/uploads/2023/03/random-wees-dave-bambi-extended.jpg
FNF: Thomas’ Railway Showdown,https://fnf.kdata1.com/thomas-railway-showdown/1/,https://kbhgames.com/wp-content/uploads/2023/04/fnf-thomas-railway-showdown.jpg
FNF Corruption Hellbeats – Pico Week,https://fnf.kdata1.com/corruption-hellbeats-pico-week/1/,https://kbhgames.com/wp-content/uploads/2023/07/fnf-corruption-hellbeats-pico-week.jpg
"Friday Night Funkin, but Bad",https://run3.io/popgame/fnf/fnf-ke131-but-bad/,https://kbhgames.com/wp-content/uploads/2021/04/friday-night-funkin-but-bad.png
FNF vs Monika (Senpai Edition),https://fnf.run3.io/monika-senpai-edition/1/,https://kbhgames.com/wp-content/uploads/2021/07/FNF-vs-Monika-Senpai-Edition.jpg
FNF: Mid Fight Masses Extra Week (Fan-made),https://fnf.run3.io/mid-fight-extra/2.1/,https://kbhgames.com/wp-content/uploads/2021/08/FNF-Mid-Fight-Masses-Extra-Week-Fan-made.jpg
FNF: Mii Funkin Vs. eteled,https://fnf.run3.io/eteled/1.25/?d,https://kbhgames.com/wp-content/uploads/2021/08/friday-night-funkin-mii-funkin-vs-eteled.jpg
FNF Hotline 024 (The Medley Update),https://fnf.kdata1.com/hotline-024/1/,https://kbhgames.com/wp-content/uploads/2021/09/FNF-Hotline-024-The-Medley-Update.jpg
FNF: HD Sky and Taki sings Manifest,https://fnf.run3.io/manifest-sky-taki/1/?d,https://kbhgames.com/wp-content/uploads/2021/10/fnf-hd-sky-and-taki-sings-manifest.jpg
FNF: Fruit Ninja Mod,https://fnf.kdata1.com/fruit-ninja/1/,https://kbhgames.com/wp-content/uploads/2022/03/fnf-fruit-ninja-mod.jpg
FNF Sarvente’s Date-Night Masses,https://fnf.kdata1.com/sarventes-date-night-masses/1.25/,https://kbhgames.com/wp-content/uploads/2022/04/fnf-sarventes-date-night-masses.jpg
FNF Challeng-EDD with Lyrics,https://fnf.kdata1.com/challeng-edd-with-lyrics/1/,https://kbhgames.com/wp-content/uploads/2022/05/FNF-Challeng-EDD-with-Lyrics.jpg
FNF: Galaxy Collapse But Everyone Sings it,https://fnf.kdata1.com/galaxy-collapse-but-everyone-sings-it/1/,https://kbhgames.com/wp-content/uploads/2022/05/fnf-galaxy-collapse-but-everyone-sings-it.jpg
FNF Roblox Doors vs Rush – 1up Cartoon’s,https://fnf.kdata1.com/roblox-rush-1up-cartoons-doors/2/,https://kbhgames.com/wp-content/uploads/2022/11/fnf-vs-roblox-rush-1up-cartoons-doors.jpg
FNF Corrupted Omniverse vs Pibby Ben 10,https://fnf.kdata1.com/corrupted-omniverse-vs-ben-10/1/,https://kbhgames.com/wp-content/uploads/2022/11/fnf-x-pibby-corrupted-omniverse-vs-ben-10.jpg
FNF Corruption Takeover Side-Stories Outbreak,https://fnf.kdata1.com/corruption-takeover-side-stories-outbreak/1/,https://kbhgames.com/wp-content/uploads/2023/01/FNF-Corruption-Takeover-Side-Stories-Outbreak.jpg
"FNF DDLC VS Girlfriend, 17 Bucks Forever",https://fnf.kdata1.com/2024/ddlc-vs-girlfriend-17-bucks-forever/1/,https://kbhgames.com/wp-content/uploads/2023/12/fnf-ddlc-vs-girlfriend-17-bucks-forever-1.jpg
FNF Funk Archive vs Blue Archive,https://fnf.kdata1.com/2024/funk-archive-vs-blue-archive/1/,https://kbhgames.com/wp-content/uploads/2024/02/FNF-Funk-Archive-vs-Blue-Archive.jpg
FNF Prey Manified (Encore),https://fnf.kdata1.com/2024/prey-manified-encore/1/,https://kbhgames.com/wp-content/uploads/2024/12/FNF-Prey-Manified-Encore.jpg
FNF: UGH Pack,https://fnf.run3.io/ugh-pack/2/,https://kbhgames.com/wp-content/uploads/2021/05/fnf-ugh-pack.jpg
FNF: Fanmade Vs. Tricky Phase 3,https://fnf.run3.io/tricky-phase-3/1/?d4d,https://kbhgames.com/wp-content/uploads/2021/05/fnf-fanmade-vs-tricky-phase-3.jpg
FNF but Funni: Week 3,https://fnf.run3.io/week3-funni/1.54/?df,https://kbhgames.com/wp-content/uploads/2021/07/fnf-but-funni-week-3.jpg
FNF: Headache but Every Turn a Different Cover is Used,https://fnf.run3.io/headache-but-every-turn-a-different-cover-is-used/1/,https://kbhgames.com/wp-content/uploads/2021/08/Headache-but-Every-Turn-a-Different-Cover-is-Used.jpg
FNF: Agoti Sings Ugh,https://fnf.run3.io/agoti-sings-ugh/1.1/,https://kbhgames.com/wp-content/uploads/2021/09/fnf-agoti-sings-ugh.jpg
FNF vs High Effort Pibby SpongeBob Mod,https://fnf.kdata1.com/pibby-spongebob-high-effort/1.1/,https://kbhgames.com/wp-content/uploads/2022/02/fnf-vs-high-effort-pibby-spongebob-mod.jpg
FNF: Confronting Yourself but Tails and Tails.EXE sings it,https://fnf.kdata1.com/confronting-yourself-PE051/1/,https://kbhgames.com/wp-content/uploads/2022/03/fnf-confronting-yourself-but-tails-and-tails-exe-sings-it.jpg
FNF vs Sonic CD (vs Metal Sonic),https://fnf.kdata1.com/sonic-cd-vs-metal-sonic/1/,https://kbhgames.com/wp-content/uploads/2022/03/fnf-vs-sonic-cd-vs-metal-sonic.jpg
FNF Corruption Dark Road vs Spooky Kids,https://fnf.kdata1.com//corruption-dark-road-vs-spooky-kids/1/,https://kbhgames.com/wp-content/uploads/2022/03/fnf-corruption-dark-road-vs-spooky-kids.jpg
FNF X Pibby Friday Night Corruption,https://fnf.kdata1.com/friday-night-pibby-corruption/1/,https://kbhgames.com/wp-content/uploads/2022/05/Friday-Night-Pibby-Corruption.jpg
BF’s Bizarre Adventure,https://fnf.kdata1.com/boyfriends-bizarre-adventure/1.1/,https://kbhgames.com/wp-content/uploads/2022/10/boyfriends-bizarre-adventure.png
FNF VS Mouse.AVI – “Really Suffered” – Really Happy 2K22,https://fnf.kdata1.com/mickey-mouse-really-suffered-really-happy-2k22/1/,https://kbhgames.com/wp-content/uploads/2022/10/friday-night-funkin-vs-mickey-mouse-really-suffered-really-happy-2k22.jpg
FNF Mortimer Night vs Mickey.AVI,https://fnf.kdata1.com/mortimer-night-vs-mickey-avi/1/,https://kbhgames.com/wp-content/uploads/2022/11/fnf-mortimer-night-vs-mickey-avi.jpg
FNF Vs Imposter V4 Monochrome And Triple Trouble,https://fnf.kdata1.com/imposter-v4-monochrome-and-triple-trouble/1/,https://kbhgames.com/wp-content/uploads/2023/01/FNF-Vs-Imposter-V4-Monochrome-And-Triple-Trouble.jpg
FNF Contentment (AGNAB REMIX),https://fnf.kdata1.com/contentment-agnab-remix/1/,https://kbhgames.com/wp-content/uploads/2023/04/FNF-Contentment-AGNAB-REMIX.jpg
FNF X Pibby | Come Along with Me,https://fnf.kdata1.com/come-along-with-me/2/,https://kbhgames.com/wp-content/uploads/2023/06/fnf-x-pibby-come-along-with-me.jpg
FNF Another Brother,https://fnf.kdata1.com/2024/another-brother/1/,https://kbhgames.com/wp-content/uploads/2024/10/fnf-another-brother.jpg
FNF Battle for Sweet Dreams,https://fnf.kdata1.com/battle-for-sweet-dreams/1/,https://kbhgames.com/wp-content/uploads/2023/11/FNF-Battle-for-Sweet-Dreams-1.png
FNF Last Chance v7 Playable,https://fnf.kdata1.com/2024/last-chance-v7-playable/1/,https://kbhgames.com/wp-content/uploads/2024/03/fnf-last-chance-v7-playable.png
FNF Sunday Night Suicide: Rookies Edition,https://fnf.kdata1.com/2024/sunday-night-suicide-rookies-edition/1/,https://kbhgames.com/wp-content/uploads/2024/04/fnf-sunday-night-suicide-rookies-edition.jpg
FNF Silly Billy but Minecraft,https://fnf.kdata1.com/2024/silly-billy-but-minecraft/1/,https://kbhgames.com/wp-content/uploads/2024/07/FNF-Silly-Billy-but-Minecraft.jpg
FNF vs Pibby Darkness Kingdom,https://fnf.kdata1.com/2024/pibby-darkness-kingdom/1/,https://kbhgames.com/wp-content/uploads/2024/11/fnf-vs-pibby-darkness-kingdom.jpg
FNF: Funkin’ Nights at Freddy’s,https://fnf.run3.io/freddy/2/,https://kbhgames.com/wp-content/uploads/2021/05/fnf-funkin-nights-at-freddys.jpg
FNF vs Matt Neo,https://fnf.run3.io/matt-neo/3/,https://kbhgames.com/wp-content/uploads/2021/08/FNF-vs-Matt-Neo.jpg
FNF vs Michael The Walking Cat,https://fnf.run3.io/michael-the-walking-cat/1/,https://kbhgames.com/wp-content/uploads/2021/10/FNF-vs-Michael-The-Walking-Cat.jpg
FNF vs Cartoon Cat,https://fnf.kdata1.com/cartoon-cat/0.5/,https://kbhgames.com/wp-content/uploads/2021/11/FNF-vs-Cartoon-Cat.jpg
FNF vs Nightmare Sky | Fangirl’s Gambit Mod,https://fnf.kdata1.com/nightmare-sky-fangirls-gambit-mod/1/,https://kbhgames.com/wp-content/uploads/2022/04/fnf-vs-nightmare-sky-fangirls-gambit-mod.jpg
Friday Night Madness: Nevada’s Most Wanted,https://fnf.kdata1.com/nevadas-most-wanted/1/,https://kbhgames.com/wp-content/uploads/2022/07/friday-night-madness-nevadas-most-wanted.jpg
FNF: Funkin For Bikini Bottom,https://fnf.kdata1.com/funkin-for-bikini-bottom/1/,https://kbhgames.com/wp-content/uploads/2022/08/fnf-funkin-for-bikini-bottom.jpg
FNF vs Tails.EXE V2,https://fnf.kdata1.com/tails-exe-v2/2/,https://kbhgames.com/wp-content/uploads/2023/05/friday-night-funkin-vs-tails-exe-v2.jpg
FNF Corruption vs Nexus Pico,https://fnf.kdata1.com/corruption-vs-nexus-pico/1/,https://kbhgames.com/wp-content/uploads/2023/06/FNF-Corruption-vs-Nexus-Pico.jpg
Friday Night Funkin vs Tabi v2: Restored,https://fnf.kdata1.com/2024/tabi-v2-restored/1/,https://kbhgames.com/wp-content/uploads/2024/03/friday-night-funkin-vs-tabi-v2-restored.jpg
FNF: Madness ERECT,https://fnf.kdata1.com/2024/madness-erect/1/,https://kbhgames.com/wp-content/uploads/2024/08/fnf-madness-erect.jpg
FNF Cowboy Show (Friend Inside Me Mod),https://fnf.kdata1.com/2024/cowboy-show-friend-inside-me-mod/1/,https://kbhgames.com/wp-content/uploads/2024/11/fnf-cowboy-show-friend-inside-me-mod.png
FNF Chills But Everyone Sings It,https://fnf.kdata1.com/2025/chills-but-everyone-sings-it/1.1/,https://kbhgames.com/wp-content/uploads/2025/01/FNF-Chills-But-Everyone-Sings-It.jpg
FNF Silly Funkin,https://fnf.kdata1.com/2025/silly-funkin/1.1/,https://kbhgames.com/wp-content/uploads/2025/03/FNF-Silly-Funkin.jpg
FNF: Friday Night Bloxxin’ vs Roblox,https://fnf.run3.io/roblox-noob/3/,https://kbhgames.com/wp-content/uploads/2021/07/friday-night-bloxxin-vs-roblox-noob.jpg
Friday Night Funkin Logic Mod,https://fnf.run3.io/logic/1.5/,https://kbhgames.com/wp-content/uploads/2021/07/Friday-Night-Funkin-Logic-Mod.jpg
FNF: God-Eater Big Mashup Mod,https://fnf.run3.io/god-eater-big-mashup-mod/1/,https://kbhgames.com/wp-content/uploads/2021/08/FNF-God-Eater-Big-Mashup-Mod.jpg
FNF: Friday Night Slashing Jeff The Killer,https://fnf.run3.io/jeff-the-killer/1/,https://kbhgames.com/wp-content/uploads/2021/08/fnf-friday-night-slashing-jeff-the-killer.jpg
FNF vs Jeffy v2 Mod,https://fnf.kdata1.com/jeffy/2/,https://kbhgames.com/wp-content/uploads/2021/09/friday-night-funkin-vs-jeffy.jpg
FNF vs Suicide Mouse Remastered,https://fnf.run3.io/suicide-mouse-remastered/1/,https://kbhgames.com/wp-content/uploads/2021/10/friday-night-funkin-vs-suicide-mouse-remastered.jpg
FNF Funk City: Rewind – Pico vs BF,https://fnf.kdata1.com/rewind-bf-vs-pico/1/,https://kbhgames.com/wp-content/uploads/2022/06/fnf-funk-city-rewind-pico-vs-bf.jpg
FNF: Llamao de EmergenZia – Goku vs Sad Majin Vegeta,https://fnf.kdata1.com/llamao-de-emergenzia-goku-vs-majin-vegeta/1/,https://kbhgames.com/wp-content/uploads/2022/09/fnf-llamao-de-emergenzia-goku-vs-sad-majin-vegeta.jpg
FNF Sonic.Exe: Ring of Despair,https://fnf.kdata1.com/sonic-exe-ring-of-despair/1/,https://kbhgames.com/wp-content/uploads/2022/12/sonic-exe-ring-of-despair.jpg
FNF: Non-Stop Debate (Danganronpa v3),https://fnf.kdata1.com/non-stop-debate-danganronpa-v3/1/,https://kbhgames.com/wp-content/uploads/2023/02/fnf-non-stop-debate-danganronpa-v3.jpg
FNF Unknown Suffering – Awe and Saster Remix,https://fnf.kdata1.com/unknown-suffering-awe-and-saster-remix/1/,https://kbhgames.com/wp-content/uploads/2023/02/FNF-Unknown-Suffering-Awe-and-Saster-Remix.jpg
FNF Asdf’s Endless Muffin Time (Official),https://fnf.kdata1.com/2025/asdfs-endless-muffin-time-official/1.1/,https://kbhgames.com/wp-content/uploads/2025/01/fnf-asdfs-endless-muffin-time-official.jpg
FNF: Friday Night Flames (Through The Fire and Flames),https://fnf.run3.io/dragonforce/1/?ups3,https://kbhgames.com/wp-content/uploads/2021/05/fnf-friday-night-flames-through-the-fire-and-flames.jpg
FNF vs Satoru Gojo (Jujutsu Kaisen),https://fnf.run3.io/satoru-gojo-jujutsu-kaisen/1.1/?23,https://kbhgames.com/wp-content/uploads/2021/06/FNF-vs-Satoru-Gojo-Jujutsu-Kaisen.jpg
Friday Night Funkin vs Jeb v2: Madness Expanded,https://fnf.kdata1.com/jeb/1/,https://kbhgames.com/wp-content/uploads/2021/06/friday-night-funkin-vs-jeb.png
FNF: Ruv and Taki Sings Zavodila,https://fnf.run3.io/zavodila-taki-ruv/1/,https://kbhgames.com/wp-content/uploads/2021/09/friday-night-funkin-ruv-and-taki-sings-zavodila.jpg
"FNF: Casanova, but Everyone Takes Turn singing it",https://fnf.kdata1.com/everyone-sings-casanova/1/,https://kbhgames.com/wp-content/uploads/2022/01/fnf-casanova-but-everyone-takes-turn-singing-it.jpg
FNF Main Cast sings Zanta,https://fnf.kdata1.com/zanta-gf-pico-bf/1.1/,https://kbhgames.com/wp-content/uploads/2022/01/fnf-main-cast-sings-zanta.jpg
FNF vs Team Fortress 2 (Mann Co),https://fnf.kdata1.com/team-fortress-2-mann-co/1/,https://kbhgames.com/wp-content/uploads/2022/01/FNF-vs-Team-Fortress-2-Mann-Co.jpg
FNF: B-Sides Remix Collection by Ronezkj15,https://fnf.kdata1.com/b-sides-remix-collection-by-ronezkj15/1.1/,https://kbhgames.com/wp-content/uploads/2022/03/fnf-b-sides-remix-collection-by-ronezkj15.jpg
Friday Night Funkin’ VS Sonic.ERR 1.8,https://fnf.kdata1.com/sonic-err-tails/2/,https://kbhgames.com/wp-content/uploads/2022/03/friday-night-funkin-vs-sonic-err-tails-1.jpg
FNF Zanta’s Holiday!,https://fnf.kdata1.com/zanta-holiday/1/,https://kbhgames.com/wp-content/uploads/2022/06/fnf-zantas-holiday.jpg
FNF Last Reel But Everyone Sings it,https://fnf.kdata1.com/everyone-sings-last-reel/1.1/,https://kbhgames.com/wp-content/uploads/2022/06/FNF-Last-Reel-But-Everyone-Sings-it.jpg
FNF Heathers Mod,https://fnf.kdata1.com/heathers-mod/1.11/,https://kbhgames.com/wp-content/uploads/2022/11/friday-night-funkin-heathers-mod.jpg
FNF Come Along With Me with Lyrics,https://fnf.kdata1.com/come-along-with-me-lyrics/1/,https://kbhgames.com/wp-content/uploads/2023/11/FNF-Come-Along-With-Me-with-Lyrics.jpg
FNF Halloween Night Funkin : One Good Scare,https://fnf.kdata1.com//2024/halloween-night-funkin-one-good-scare/1/,https://kbhgames.com/wp-content/uploads/2024/11/fnf-halloween-night-funkin-one-good-scare.jpg
FNF: Funki (Incredibox Sprunki),https://fnf.kdata1.com/2024/funki-incredibox-sprunki/1/,https://kbhgames.com/wp-content/uploads/2024/12/fnf-funki-incredibox-sprunki-1.jpg
FNF Yeahman,https://fnf.kdata1.com/2025/yeahman5/,https://kbhgames.com/wp-content/uploads/2025/02/FNF-Yeahman.jpg
FNF: Salty’s Sunday Night,https://fnf.run3.io/salty-sunday/1/,https://kbhgames.com/wp-content/uploads/2021/04/FNF-Saltys-Sunday-Night.jpg
Friday Night Funkin Minus,https://fnf.run3.io/minus/1.8/,https://kbhgames.com/wp-content/uploads/2021/05/Friday-Night-Funkin-Minus.jpg
FNF vs Ronald McDonald (Full Week),https://fnf.run3.io/ronald-mcdonald/1.1/,https://kbhgames.com/wp-content/uploads/2021/07/FNF-vs-Ronald-McDonald-Full-Week.jpg
FNF vs Flippy Flipped Out!,https://fnf.run3.io/flippy-flipped-out/1.25/,https://kbhgames.com/wp-content/uploads/2021/07/FNF-vs-Flippy-Flipped-Out.jpg
FNF: Beethoven Virus with ModChart,https://fnf.run3.io/beethoven-virus-with-modchart/1/,https://kbhgames.com/wp-content/uploads/2021/09/friday-night-funkin-beethoven-virus-with-modchart.jpg
FNF vs Suicide Mouse.Avi With Color,https://fnf.run3.io/suicide-mouse/withcolor/1.25/,https://kbhgames.com/wp-content/uploads/2021/10/friday-night-funkin-vs-suicide-mouse-avi-with-color.jpg
FNF: Endless but Everyone Sings it,https://fnf.kdata1.com/everyone-sings-endless/1/,https://kbhgames.com/wp-content/uploads/2021/11/fnf-endless-but-everyone-sings-it.jpg
FNF: BF vs Fake Boyfriend (Confronting Yourself),https://fnf.kdata1.com/fake-boyfriend-confronting-yourself/1/,https://kbhgames.com/wp-content/uploads/2021/12/friday-night-funkin-bf-vs-fake-boyfriend.jpg
FNF: Pibby Corrupted Oswald the Lucky Rabbit,https://fnf.kdata1.com/pibby-oswald/1.25/,https://kbhgames.com/wp-content/uploads/2021/12/fnf-pibby-corrupted-oswald-the-lucky-rabbit.jpg
"FNF Bonedoggle, but Everyone Sings it",https://fnf.kdata1.com/everyone-sings-bonedoggle/1/,https://kbhgames.com/wp-content/uploads/2022/05/fnf-bonedoggle-but-everyone-sings-it.jpg
FNF vs Chomper (PvZ),https://fnf.kdata1.com/chomper-pvz/1/,https://kbhgames.com/wp-content/uploads/2022/05/fnf-vs-chomper-pvz.jpg
FNF X Pibby vs Corrupted Cuphead,https://fnf.kdata1.com/pibby-cuphead/1/,https://kbhgames.com/wp-content/uploads/2022/06/fnf-x-pibby-vs-corrupted-cuphead.jpg
FNF Baldi’s FUNKIN’ Class Demo V2,https://fnf.kdata1.com/baldis-funkin-class-demo/1/,https://kbhgames.com/wp-content/uploads/2022/12/fnf-baldis-funkin-class-demo-v2.jpg
FNF Lost To Darkness GF Edition,https://fnf.kdata1.com/lost-to-darkness-gf-edition/1/,https://kbhgames.com/wp-content/uploads/2022/12/FNF-Lost-To-Darkness-GF-Edition.jpg
FNF Hypno’s Lullaby : FNaF Mix,https://fnf.kdata1.com/hypnos-lullaby-fnaf-mix/1/,https://kbhgames.com/wp-content/uploads/2023/03/hypnos-lullaby-fnaf-mix.jpg
FNF Angelic Atrocities,https://fnf.kdata1.com/angelic-atrocities/1.1/,https://kbhgames.com/wp-content/uploads/2023/06/FNF-Angelic-Atrocities.jpg
FNF 17Boo: A 17bucks Halloween 3-Shot,https://fnf.kdata1.com/17boo/1/,https://kbhgames.com/wp-content/uploads/2023/10/fnf-17boo-a-17bucks-halloween-3-shot.jpg
FNF The Amazing Digital Funk,https://fnf.kdata1.com/the-amazing-digital-funk/2/,https://kbhgames.com/wp-content/uploads/2023/11/FNF-The-Amazing-Digital-Funk.jpg
FNF BF+Pico+GF sing All My Fellas,https://fnf.kdata1.com/allmyfellas/1/,https://kbhgames.com/wp-content/uploads/2023/12/fnf-bfpicogf-sing-all-my-fellas.jpg
FNF: Pico X Boyfriend,https://fnf.run3.io/pico-bf/1.1/,https://kbhgames.com/wp-content/uploads/2021/06/fnf-pico-x-boyfriend.jpg
FNF: In the Galaxy Mod,https://fnf.run3.io/galaxy/2/,https://kbhgames.com/wp-content/uploads/2021/06/Friday-Night-Funkin-Galaxy-Mod.jpg
Friday Night Funkin’ vs Whitty Neo,https://fnf.run3.io/whitty-neo/1.5/,https://kbhgames.com/wp-content/uploads/2021/08/friday-night-funkin-vs-whitty-neo-2.jpg
FNF vs Spinel Full Week,https://fnf.run3.io/spinel-full-week/1/,https://kbhgames.com/wp-content/uploads/2021/09/FNF-vs-Spinel-Full-Week.jpg
FNF: Arrow Funk,https://fnf.kdata1.com/arrow-funk/3.1/,https://kbhgames.com/wp-content/uploads/2021/09/friday-night-funkin-arrow-funk-2.jpg
FNF vs Garcello HD,https://fnf.run3.io/garcello-hd/1/,https://kbhgames.com/wp-content/uploads/2021/09/FNF-vs-Garcello-HD.jpg
FNF: Suicide Mouse Sings a new Really Happy Song,https://fnf.run3.io/suicide-mouse-avi-sings-a-new-really-happy-song/1/,https://kbhgames.com/wp-content/uploads/2021/10/fnf-suicide-mouse-avi-sings-a-new-really-happy-song.jpg
FNF vs Matt Deluxe,https://fnf.kdata1.com/matt-dx/1/,https://kbhgames.com/wp-content/uploads/2021/10/friday-night-funkin-vs-matt-deluxe.jpg
FNF vs Cassette Girl,https://fnf.kdata1.com/cassette/1/,https://kbhgames.com/wp-content/uploads/2021/11/friday-night-funkin-vs-cassette-girl.jpg
FNF vs Mid-Fight Masses with Lyrics,https://fnf.kdata1.com/mid-fight-lyrics/1.1/,https://kbhgames.com/wp-content/uploads/2021/12/FNF-vs-Mid-Fight-Masses-with-Lyrics.jpg
FNF vs Furnace Whitty,https://fnf.kdata1.com/furnace-whitty/1/,https://kbhgames.com/wp-content/uploads/2022/03/FNF-vs-Furnace-Whitty.jpg
FNF Four-way Fracture vs Sonic.EXE,https://fnf.kdata1.com/triple-trouble-4-way/1/,https://kbhgames.com/wp-content/uploads/2022/03/fnf-four-way-fracture-vs-sonic-exe.jpg
FNF Pibby vs Corrupted GF (Lost Love),https://fnf.kdata1.com/pibby-vs-corrupted-gf-lost-love/1/,https://kbhgames.com/wp-content/uploads/2022/03/fnf-pibby-vs-corrupted-gf-lost-love.jpg
FNF vs Sonic.exe – Fatality,https://fnf.kdata1.com/sonic-fatality/1.1/,https://kbhgames.com/wp-content/uploads/2022/04/friday-night-funkin-vs-sonic-exe-fatality.jpg
FNF vs Hello Kitty (Hell On Kitty mod),https://fnf.kdata1.com/hello-kitty-hell-no-kitty/1/,https://kbhgames.com/wp-content/uploads/2022/04/friday-night-kitty-hell-on-kitty-mod-vs-hello-kitty.jpg
FNF Mistful Crimson Morning V2,https://fnf.kdata1.com/mcm-2-cancelled/2/,https://kbhgames.com/wp-content/uploads/2022/10/fnf-mistful-crimson-morning-v2-unfinished-cancelled.jpg
FNF Mid-Fight Masses Neo Remix,https://fnf.kdata1.com/mid-fight-masses-neo-remix/1.6/,https://kbhgames.com/wp-content/uploads/2022/11/FNF-Mid-Fight-Masses-Neo-Remix.jpg
FNF You Can’t Run GhostLab Remix,https://fnf.kdata1.com/you-cant-run-ghostlab-remix/1/,https://kbhgames.com/wp-content/uploads/2023/02/fnf-you-cant-run-ghostlab-remix.jpg
FNF Triple Kill Restored on Impostor V4,https://fnf.kdata1.com/triple-kill-restored-on-impostor-v4/1/,https://kbhgames.com/wp-content/uploads/2023/03/fnf-triple-kill-restored-on-impostor-v4.jpg
The Amazing Funk of Gumball,https://fnf.kdata1.com/amazing-funk-of-gumball/1/,https://kbhgames.com/wp-content/uploads/2023/09/The-Amazing-Funk-of-Gumball.jpg
Friday Night Funkin’ VS Infinite (Sonic Forces),https://fnf.kdata1.com/infinite-sonic-forces/1/,https://kbhgames.com/wp-content/uploads/2023/12/friday-night-funkin-vs-infinite-sonic-forces-1.jpg
FNF 2Files – The Trollge Files,https://fnf.kdata1.com/2024/2files-the-trollge-files/1/,https://kbhgames.com/wp-content/uploads/2024/09/fnf-2files-the-trollge-files-1.jpg
FNF Vs Henry Stickmin v3.0,https://fnf.run3.io/henry/2/,https://kbhgames.com/wp-content/uploads/2021/04/FNF-Vs-Henry-the-Stickman-v3.0.jpg
FNF vs Mid Fight Masses (Genderbend Edition),https://fnf.run3.io/mid-fight-masses-genderbend-edition1/1.9/,https://kbhgames.com/wp-content/uploads/2021/07/FNF-vs-Mid-Fight-Masses-Genderbend-Edition.jpg
"FNF vs Tac, Abby, Lucian in High-School (Maginage Matches)",https://fnf.run3.io/high-school-maginage-matches/1/,https://kbhgames.com/wp-content/uploads/2021/07/FNF-Maginage-Matches.jpg
FNF vs Matt Eddsworld,https://fnf.run3.io/matt-eddsworld/1/,https://kbhgames.com/wp-content/uploads/2021/08/FNF-vs-Matt-Eddsworld.jpg
FNF: Pico and Tankman Sings Casanova,https://fnf.run3.io/casanova-pico-tankman/1/,https://kbhgames.com/wp-content/uploads/2021/10/fnf-pico-and-tankman-sings-casanova.jpg
FNF with Lila & Ena Sings EEEAAAOOO,https://fnf.kdata1.com/eeeaaaooo-lila-ena/1.2/,https://kbhgames.com/wp-content/uploads/2021/11/fnf-with-lila-ena-sings-eeeaaaooo.png
FNF Triple Phonebreakers (vs Dave and Bambi),https://fnf.kdata1.com/triple-phonebreakers-vs-dave-and-bambi/1/,https://kbhgames.com/wp-content/uploads/2021/12/friday-night-funkin-triple-phonebreakers-vs-dave-and-bambi.jpg
"FNF: Zanta but Algebra Dave, Bambi, & Bandu Sing it",https://fnf.kdata1.com/zanta-bambi-dave/1.1/,https://kbhgames.com/wp-content/uploads/2022/01/friday-night-funkin-zanta-but-algebra-dave-bambi-bandu-sing-it.jpg
FNF vs Pow Sky,https://fnf.kdata1.com/sky-pow/1/,https://kbhgames.com/wp-content/uploads/2022/01/friday-night-funkin-vs-ski-being-ski-pow-sky.jpg
FNF Funkin at Freddy’s vs Afton Full Week,https://fnf.kdata1.com/funkin-at-freddys-vs-afton-full-week/1.5/?4d,https://kbhgames.com/wp-content/uploads/2022/03/fnf-funkin-at-freddys-vs-afton-full-week.jpg
FNF Friends from the Future: Ordinary Sonic vs Tails,https://fnf.kdata1.com/friends-from-the-future-ordinary-sonic-vs-tails/1.2/,https://kbhgames.com/wp-content/uploads/2022/04/fnf-friends-from-the-future-ordinary-sonic-vs-tails-2.jpg
FNF Lost my Mind: Sonic vs Xain,https://fnf.kdata1.com/lost-my-mind-sonic-vs-xain/1/,https://kbhgames.com/wp-content/uploads/2022/05/fnf-lost-my-mind-sonic-vs-xain.jpg
FNF Pico Erect Remix,https://fnf.kdata1.com//erect-pico/1/,https://kbhgames.com/wp-content/uploads/2022/06/FNF-Pico-Erect-Remix.jpg
FNF Running Hell: Sonic.exe vs Tails,https://fnf.kdata1.com/running-hell/1/,https://kbhgames.com/wp-content/uploads/2022/08/fnf-running-hell-sonic-exe-vs-tails.png
FNF Dave and Bambi: Radon,https://fnf.kdata1.com/dave-and-bambi-radon/1/,https://kbhgames.com/wp-content/uploads/2022/11/fnf-dave-and-bambi-radon.jpg
FNF Roasted But MFM Crew Sing it,https://fnf.kdata1.com/roasted-but-mfm-crew-sing-it/1/,https://kbhgames.com/wp-content/uploads/2023/01/fnf-roasted-but-mfm-crew-sing-it.png
FNF Can You? (Pibby Pocoyo),https://fnf.kdata1.com/can-you-pibby-pocoyo/1/,https://kbhgames.com/wp-content/uploads/2023/01/fnf-can-you-pibby-pocoyo.jpg
FNF Gorilla Night Battle,https://fnf.kdata1.com/gorilla-night-battle/1.5/,https://kbhgames.com/wp-content/uploads/2023/02/FNF-Gorilla-Night-Battle.jpg
FNF Dish Served Hot vs Pizza Tower,https://fnf.kdata1.com/dish-served-hot-vs-pizza-tower/2/,https://kbhgames.com/wp-content/uploads/2023/04/FNF-Dish-Served-Hot-vs-Pizza-Tower.jpg
Friday Night Funkin: Ending Pain 2.0,https://fnf.kdata1.com/ending-pain/ending-pain/1/,https://kbhgames.com/wp-content/uploads/2023/08/friday-night-funkin-ending-pain-2-0.jpg
"FNF Double Kill, but Everyone Sings It",https://fnf.kdata1.com/everyone-sing-doublekill/1/,https://kbhgames.com/wp-content/uploads/2023/10/fnf-double-kill-but-everyone-sings-it1.jpg
Funkshot Roulette (a Buckshot Roulette FNF Mod),https://fnf.kdata1.com/2024/funkshot-roulette/1/,https://kbhgames.com/wp-content/uploads/2024/04/funkshot-roulette-a-buckshot-roulette-fnf-mod.jpg
FNF X Sans Parody – Stronger Than You,https://fnf.kdata1.com/2024/stronger-than-you/1/,https://kbhgames.com/wp-content/uploads/2024/08/fnf-x-sans-parody-stronger-than-you.jpg
FNF Funk Space vs Omori,https://fnf.kdata1.com/2024/funk-space/1/,https://kbhgames.com/wp-content/uploads/2024/10/funkspace.jpg
FNF Japan Creepypasta vs Yokai GF,https://fnf.kdata1.com/2025/japan-creepypasta-vs-yokai-gf/1/,https://kbhgames.com/wp-content/uploads/2025/04/fnf-japan-creepypasta-vs-yokai-gf.jpg
FNF: Mid-Fight Masses Thicc Sarvente + Reanimated Ruv,https://fnf.run3.io/midfight/thick-reanimated-1/,https://kbhgames.com/wp-content/uploads/2021/06/fnf-mid-fight-masses-thicc-sarvente-reanimated-ruv.jpg
FNF: Expurgation RetroSpecter Remix,https://fnf.run3.io/expurgation-retrospecters/1.254/,https://kbhgames.com/wp-content/uploads/2021/06/fnf-retrospecters-expurgation-remix.jpg
FNF: Zavodila Complextro Remix,https://fnf.run3.io/zavodila-complextro-remix/1/,https://kbhgames.com/wp-content/uploads/2021/09/fnf-zavodila-complextro-remix.jpg
FNF but Funni: Week 2,https://fnf.run3.io/funni-week-2/1.15/,https://kbhgames.com/wp-content/uploads/2021/07/fnf-but-funni-week-2.jpg
FNF: Fun Size Whitty on Gospel and Zavodila,https://fnf.run3.io/fun-size-whitty-on-gospel-and-zavodila/1.3/?4,https://kbhgames.com/wp-content/uploads/2021/07/fnf-fun-size-whitty-on-gospel-and-zavodila.jpg
FNF: Majin Sonic and AGOTI sings Termination,https://fnf.run3.io/termination-agoti-majin-sonic/1/,https://kbhgames.com/wp-content/uploads/2021/10/fnf-majin-sonic-and-agoti-sings-termination.jpg
FNF: Tord & Tom Road Trip Singing Animal,https://fnf.kdata1.com/eddsword-animal/1/,https://kbhgames.com/wp-content/uploads/2022/03/fnf-tord-tom-road-trip-singing-animal.jpg
FNF: Funkin Eddventure (VS. Eddsworld),https://fnf.kdata1.com/eddventure-vs-eddsworld/1/,https://kbhgames.com/wp-content/uploads/2022/04/fnf-funkin-eddventure-vs-eddsworld.jpg
FNF vs Virus R,https://fnf.kdata1.com/virus-r/1/,https://kbhgames.com/wp-content/uploads/2022/05/FNF-vs-Virus-R.jpg
FNF Endless-Cycle but Everyone Sings it,https://fnf.kdata1.com/everyone-sings-endless-cycles/1/,https://kbhgames.com/wp-content/uploads/2022/05/fnf-endless-cycle-but-everyone-sings-it.jpg
FNF Phantasm with Lyrics,https://fnf.kdata1.com/phantasm-with-lyrics/1/,https://kbhgames.com/wp-content/uploads/2022/05/FNF-Phantasm-with-Lyrics.jpg
FNF Oswald Sing Rabbit’s Luck with Lyrics,https://fnf.kdata1.com/rabbit-luck-lyrics/1/,https://kbhgames.com/wp-content/uploads/2022/06/fnf-oswald-sing-rabbits-luck-with-lyrics.jpg
Sonic.EXE Prey But in HD,https://fnf.kdata1.com/prey-HD/1/,https://kbhgames.com/wp-content/uploads/2022/09/Sonic.EXE-Prey-But-in-HD.jpg
Friday Night Funkin Reality Twist,https://fnf.kdata1.com/reality-twist/1/,https://kbhgames.com/wp-content/uploads/2022/10/friday-night-funkin-reality-twist.jpg
FNF Hyper Funkin’ Vs Hyper Sonic,https://fnf.kdata1.com/hyper-funkin-vs-hyper-sonic/1/,https://kbhgames.com/wp-content/uploads/2022/12/fnf-hyper-funkin-vs-hyper-sonic.jpg
FNF Lost Legend But Everyone Sing It,https://fnf.kdata1.com/everyone-sings-lost-legend/1/,https://kbhgames.com/wp-content/uploads/2023/03/fnf-lost-legend-but-everyone-sing-it.jpg
FNF vs Lime Impostor (Impostor v5 April Fool’s Week),https://fnf.kdata1.com/lime-impostor-impostor-v5-april-fools-week/1/,https://kbhgames.com/wp-content/uploads/2023/04/vs-lime-impostor-impostor-v5-april-fools-week.jpg
FNF VS Impostor: Defeat (2023 Remaster),https://fnf.kdata1.com/impostor-defeat-2023-remaster/1/,https://kbhgames.com/wp-content/uploads/2023/08/fnf-vs-impostor-defeat-2023-remaster.jpg
FNF: KarmaFunk Vs Titi,https://fnf.kdata1.com/2024/karmafunk-vs-titi/1/,https://kbhgames.com/wp-content/uploads/2024/04/fnf-karmafunk-vs-titi-1.jpg
FNF Sonic Rhythm Rush,https://fnf.kdata1.com/sonic-rhythm-rush/1/,https://kbhgames.com/wp-content/uploads/2022/04/FNF-Sonic-Rhythm-Rush.jpg
FNF Partners In Time – vs Selever & Rasazy Family,https://fnf.kdata1.com/partners-in-time/1/,https://kbhgames.com/wp-content/uploads/2022/04/fnf-partners-in-time-vs-selever-rasazy-family.jpg
FNF X Pibby vs Corrupted Ruv,https://fnf.kdata1.com/pibby-ruv/1/,https://kbhgames.com/wp-content/uploads/2022/05/FNF-X-Pibby-vs-Corrupted-Ruv.jpg
FNF Poppy Raptime vs Huggy Wuggy,https://fnf.kdata1.com/poppy-raptime/1/,https://kbhgames.com/wp-content/uploads/2022/06/FNF-Poppy-Raptime-vs-Huggy-Wuggy.jpg
FNF Shift: Manifest Sky vs Demon Sky,https://fnf.kdata1.com/shift-sky/1/,https://kbhgames.com/wp-content/uploads/2022/06/fnf-shift-manifest-sky-vs-demon-sky.jpg
FNF Classic Trouble – Classic Characters Sing Triple Trouble,https://fnf.kdata1.com/trouble-classic/1/,https://kbhgames.com/wp-content/uploads/2022/06/fnf-classic-trouble-classic-characters-sing-triple-trouble.jpg
FNF Cycles Encore vs Sonic Lord X,https://fnf.kdata1.com/cycles-encore/1/,https://kbhgames.com/wp-content/uploads/2022/07/FNF-Cycles-Encore-vs-Sonic-Lord-X.jpg
FNF The Devil’s Swing vs Bendy,https://fnf.kdata1.com/devils-swing-vs-bendy/1/,https://kbhgames.com/wp-content/uploads/2022/07/fnf-the-devils-swing-vs-bendy.jpg
FNF Sonic.Exe Final Escape but Pixelated,https://fnf.kdata1.com/final-escape-but-pixelated/1/,https://kbhgames.com/wp-content/uploads/2022/09/fnf-sonic-exe-final-escape-but-pixelated.jpg
"FNF Vesania Song, but Everyone Sing It",https://fnf.kdata1.com/vesania-song-but-everyone-sing-it/1.1/,https://kbhgames.com/wp-content/uploads/2023/01/FNF-Vesania-Song-but-Everyone-Sing-It.jpg
FNF Erasure: Black Impostor vs Chara,https://fnf.kdata1.com/erasure-recreated/1/,https://kbhgames.com/wp-content/uploads/2023/01/fnf-erasure-black-impostor-vs-chara-1.jpg
FNF The Amazing Digital Circus,https://fnf.kdata1.com/amazing-digital-circus/1/,https://kbhgames.com/wp-content/uploads/2023/10/FNF-The-Amazing-Digital-Circus.jpg
Friday Night Funkin: Cartoon Corruption,https://fnf.kdata1.com/cartoon-corruption/1/,https://kbhgames.com/wp-content/uploads/2023/11/friday-night-funkin-cartoon-corruption-1.jpg
FNF x Murder Drones Cybernetic Program,https://fnf.kdata1.com/2024/murder-drones-cybernetic-program/2/,https://kbhgames.com/wp-content/uploads/2024/09/fnf-murder-drones-cybernetic-program.jpg
Friday Night Funkin vs Dusttale Sans,https://fnf.run3.io/dusttale/2/,https://kbhgames.com/wp-content/uploads/2021/05/Friday-Night-Funkin-vs-Dusttale-Sans.jpg
FNF vs Tricky Phase 0,https://fnf.run3.io/tricky-phase-0/1/,https://kbhgames.com/wp-content/uploads/2021/06/FNF-vs-Tricky-Phrase-0.jpg
FNF: The Intense Singing of Hatsune Miku,https://fnf.run3.io/hatsune-miku-intense-sining/1.5/,https://kbhgames.com/wp-content/uploads/2021/07/fnf-the-intense-singing-of-hatsune-miku.jpg
FNF vs Mag Agent Torture,https://fnf.run3.io/mag-torture-2/5/,https://kbhgames.com/wp-content/uploads/2021/07/FNF-vs-Mag-Agent-Torture.jpg
FNF: Tricky vs Whitty Mad Overload (Madness x Ballistic),https://fnf.run3.io/mad-overload-madness-x-ballistic/1/,https://kbhgames.com/wp-content/uploads/2021/09/fnf-mad-overload-madness-x-ballistic.png
FNF: EL Chavo vs NONO,https://fnf.run3.io/el-chavo-vs-nono/1/,https://kbhgames.com/wp-content/uploads/2021/09/friday-night-funkin-chavo-vs-nono.jpg
FNF: Ok Friday with CG5,https://fnf.run3.io/ok-friday/1/?f,https://kbhgames.com/wp-content/uploads/2021/09/friday-night-funkin-ok-friday-with-cg5.jpg
FNF vs Suicide Mickey Mouse.AVI Neo Remix,https://fnf.run3.io/suicide-mickey-mouse-avi-neo-remix/1/,https://kbhgames.com/wp-content/uploads/2021/10/friday-night-funkin-vs-suicide-mickey-mouse-avi-neo-remix.jpg
FNF Sonic.EXE and Majin Sonic sings MonoChrome,https://fnf.kdata1.com/monochrome-sonic/1/?Ds,https://kbhgames.com/wp-content/uploads/2021/11/fnf-sonic-exe-and-majin-sonic-sings-monochrome.jpg
FNF Vs. Glitched Pibby SpongeBob,https://fnf.kdata1.com//pibby-spongebob/1.1/,https://kbhgames.com/wp-content/uploads/2021/11/fnf-vs-corrupted-pibby-spongebob-mod.jpg
FNF: Huggy Wuggy and Kissy Missy Sings Playtime,https://fnf.kdata1.com/huggy-vs-kissy/1/,https://kbhgames.com/wp-content/uploads/2021/12/fnf-huggy-wuggy-and-kissy-missy-sings-playtime.jpg
FNF Vs Pibby Corrupted Oswald,https://fnf.kdata1.com/pibby-oswald-2/1.1/,https://kbhgames.com/wp-content/uploads/2021/12/fnf-vs-pibby-corrupted-oswald-remake.jpg
FNF: Minecraft Funky Edition,https://fnf.kdata1.com/minecraft-funky-edition/1/,https://kbhgames.com/wp-content/uploads/2022/01/friday-night-funkin-minecraft-funky-edition.jpg
FNF vs Corrupted Vicky & Timmy (Fairly OddParents),https://fnf.kdata1.com/pibby-vicky-fairly-oddparents/1/?fixednotes,https://kbhgames.com/wp-content/uploads/2022/02/friday-night-funkin-vs-corrupted-vicky-timmy-fairly-oddparents.jpg
FNF vs Monika.EXE with Extra Keys,https://fnf.kdata1.com/monika-exe-with-extra-keys/1/,https://kbhgames.com/wp-content/uploads/2022/02/fnf-vs-monika-exe-with-extra-keys-1.jpg
